structure,DFT-mod_SPE,DFT-mod_ForceRMS,DFT-mod_ForceMax,DFT-mod_G,DFT-mod_EHOMO,DFT-mod_ELUMO,DFT-mod_Gap,DFT-mod_charge_1,DFT-mod_charge_2,DFT-mod_charge_7,DFT-mod_charge_12,DFT-mod_charge_13,DFT-mod_charge_14,DFT-mod_charge_77,DFT-mod-gau-sp_SPE,DFT-mod-gau-sp_ForceRMS,DFT-mod-gau-sp_ForceMax,DFT-mod-gau-sp_G,DFT-mod-gau-sp_EHOMO,DFT-mod-gau-sp_ELUMO,DFT-mod-gau-sp_Gap,DFT-mod-gau-sp_charge_1,DFT-mod-gau-sp_charge_2,DFT-mod-gau-sp_charge_7,DFT-mod-gau-sp_charge_12,DFT-mod-gau-sp_charge_13,DFT-mod-gau-sp_charge_14,DFT-mod-gau-sp_charge_77,gauxtb-mod_SPE,gauxtb-mod_ForceRMS,gauxtb-mod_ForceMax,gauxtb-mod_G,gauxtb-mod_EHOMO,gauxtb-mod_ELUMO,gauxtb-mod_Gap,gauxtb-mod_charge_1,gauxtb-mod_charge_2,gauxtb-mod_charge_7,gauxtb-mod_charge_12,gauxtb-mod_charge_13,gauxtb-mod_charge_14,gauxtb-mod_charge_77,gauxtb-mod-gau-sp_SPE,gauxtb-mod-gau-sp_ForceRMS,gauxtb-mod-gau-sp_ForceMax,gauxtb-mod-gau-sp_G,gauxtb-mod-gau-sp_EHOMO,gauxtb-mod-gau-sp_ELUMO,gauxtb-mod-gau-sp_Gap,gauxtb-mod-gau-sp_charge_1,gauxtb-mod-gau-sp_charge_2,gauxtb-mod-gau-sp_charge_7,gauxtb-mod-gau-sp_charge_12,gauxtb-mod-gau-sp_charge_13,gauxtb-mod-gau-sp_charge_14,gauxtb-mod-gau-sp_charge_77,xtb-fixmod-gau-sp_SPE,xtb-fixmod-gau-sp_ForceRMS,xtb-fixmod-gau-sp_ForceMax,xtb-fixmod-gau-sp_G,xtb-fixmod-gau-sp_EHOMO,xtb-fixmod-gau-sp_ELUMO,xtb-fixmod-gau-sp_Gap,xtb-fixmod-gau-sp_charge_1,xtb-fixmod-gau-sp_charge_2,xtb-fixmod-gau-sp_charge_7,xtb-fixmod-gau-sp_charge_12,xtb-fixmod-gau-sp_charge_13,xtb-fixmod-gau-sp_charge_14,xtb-fixmod-gau-sp_charge_77,xtb-mod-gau-sp_SPE,xtb-mod-gau-sp_ForceRMS,xtb-mod-gau-sp_ForceMax,xtb-mod-gau-sp_G,xtb-mod-gau-sp_EHOMO,xtb-mod-gau-sp_ELUMO,xtb-mod-gau-sp_Gap,xtb-mod-gau-sp_charge_1,xtb-mod-gau-sp_charge_2,xtb-mod-gau-sp_charge_7,xtb-mod-gau-sp_charge_12,xtb-mod-gau-sp_charge_13,xtb-mod-gau-sp_charge_14,xtb-mod-gau-sp_charge_77,xtb-mod_SPE,xtb-mod_Grad,xtb-mod_Gap,xtb-mod_ELUMO,xtb-mod_EHOMO,xtb-mod_charge_1,xtb-mod_charge_2,xtb-mod_charge_7,xtb-mod_charge_12,xtb-mod_charge_13,xtb-mod_charge_14,xtb-mod_charge_77,xtb-fixmod_SPE,xtb-fixmod_Grad,xtb-fixmod_Gap,xtb-fixmod_ELUMO,xtb-fixmod_EHOMO,xtb-fixmod_charge_1,xtb-fixmod_charge_2,xtb-fixmod_charge_7,xtb-fixmod_charge_12,xtb-fixmod_charge_13,xtb-fixmod_charge_14,xtb-fixmod_charge_77,xtb-mod-xtb-sp_SPE,xtb-mod-xtb-sp_Grad,xtb-mod-xtb-sp_Gap,xtb-mod-xtb-sp_ELUMO,xtb-mod-xtb-sp_EHOMO,xtb-mod-xtb-sp_charge_1,xtb-mod-xtb-sp_charge_2,xtb-mod-xtb-sp_charge_7,xtb-mod-xtb-sp_charge_12,xtb-mod-xtb-sp_charge_13,xtb-mod-xtb-sp_charge_14,xtb-mod-xtb-sp_charge_77,xtb-fixmod-xtb-sp_SPE,xtb-fixmod-xtb-sp_Grad,xtb-fixmod-xtb-sp_Gap,xtb-fixmod-xtb-sp_ELUMO,xtb-fixmod-xtb-sp_EHOMO,xtb-fixmod-xtb-sp_charge_1,xtb-fixmod-xtb-sp_charge_2,xtb-fixmod-xtb-sp_charge_7,xtb-fixmod-xtb-sp_charge_12,xtb-fixmod-xtb-sp_charge_13,xtb-fixmod-xtb-sp_charge_14,xtb-fixmod-xtb-sp_charge_77
Xu01-1a-2a-major,-3015.237385,0.000001,0.000013,0.000000,-0.187050,-0.025721,-0.161329,-0.308016,0.645914,0.267469,-0.608403,0.028243,-0.546860,-0.306003,-3015.237385,0.000348,0.003780,0.000000,-0.187050,-0.025721,-0.161329,-0.308017,0.645914,0.267469,-0.608403,0.028242,-0.546859,-0.306003,-162.976865,0.000001,0.000007,0.000000,1.000000,6.000000,-5.000000,-1.000000,-1.000000,-1.000000,-1.000000,-1.000000,-1.000000,-1.000000,-3015.216463,0.005251,0.041494,0.000000,-0.190124,-0.032395,-0.157729,-0.376208,0.603009,0.230426,-0.587585,0.019145,-0.547432,-0.295654,-3015.215660,0.005278,0.044773,0.000000,-0.189478,-0.032139,-0.157339,-0.381895,0.606984,0.235623,-0.589914,0.020048,-0.546124,-0.301459,-3015.214892,0.005285,0.045463,0.000000,-0.189383,-0.032249,-0.157134,-0.399837,0.599949,0.236097,-0.587591,0.022899,-0.544982,-0.299939,-162.976303,0.000902,2.067520,-6.6871,-8.7547,-0.463783,0.090288,0.109907,-0.437967,0.067202,-0.066026,-0.044454,-162.976051,0.000294,2.070318,-6.6925,-8.7629,-0.459640,0.092936,0.110727,-0.438642,0.066375,-0.066665,-0.044489,-162.976344,0.016348,2.067518,-6.6871,-8.7547,-0.463782,0.090278,0.109910,-0.437971,0.067213,-0.066027,-0.044456,-162.976051,0.017057,2.070329,-6.6925,-8.7628,-0.459635,0.092939,0.110728,-0.438648,0.066377,-0.066659,-0.044493
Xu01-1a-2a-minor,-3015.234392,0.000003,0.000025,0.000000,-0.186790,-0.031436,-0.155354,-0.314546,0.645643,0.246370,-0.588560,0.031284,-0.558481,-0.259272,-3015.234392,0.000370,0.003042,0.000000,-0.186790,-0.031436,-0.155354,-0.314547,0.645644,0.246370,-0.588560,0.031284,-0.558480,-0.259273,-162.974680,0.000001,0.000016,0.000000,1.000000,6.000000,-5.000000,-1.000000,-1.000000,-1.000000,-1.000000,-1.000000,-1.000000,-1.000000,-3015.212013,0.004902,0.040606,0.000000,-0.187045,-0.037352,-0.149693,-0.458412,0.635939,0.226251,-0.578547,0.030238,-0.554431,-0.247960,-3015.212728,0.004962,0.038441,0.000000,-0.187262,-0.033596,-0.153666,-0.375482,0.631246,0.238497,-0.581468,0.024057,-0.552172,-0.254182,-3015.212489,0.004955,0.038209,0.000000,-0.187001,-0.034333,-0.152668,-0.373009,0.627187,0.237094,-0.580885,0.029321,-0.558076,-0.255935,-162.973503,0.000509,2.029228,-6.7293,-8.7586,-0.433923,0.108917,0.099743,-0.423199,0.076693,-0.070881,-0.061094,-162.973343,0.000367,2.025952,-6.7288,-8.7548,-0.432931,0.110114,0.100671,-0.424087,0.077596,-0.072048,-0.061053,-162.973563,0.020005,2.029255,-6.7293,-8.7586,-0.433919,0.108921,0.099745,-0.423202,0.076690,-0.070873,-0.061108,-162.973343,0.018967,2.025975,-6.7288,-8.7548,-0.432926,0.110119,0.100672,-0.424092,0.077595,-0.072036,-0.061066
Xu02-1a-2a-major,-3054.491259,0.000003,0.000026,0.000000,-0.189634,-0.029038,-0.160596,-0.271601,0.630783,0.243287,-0.603604,0.023989,-0.549647,0.181447,-3054.491260,0.000160,0.001986,0.000000,-0.189634,-0.029038,-0.160596,-0.271603,0.630784,0.243287,-0.603604,0.023988,-0.549647,0.181447,-166.142638,0.000000,0.000003,0.000000,6.000000,1.000000,5.000000,-1.000000,-1.000000,-1.000000,-1.000000,-1.000000,-1.000000,-1.000000,-3054.472834,0.005245,0.045867,0.000000,-0.189370,-0.032362,-0.157007,-0.372956,0.611235,0.224865,-0.590143,0.023446,-0.541736,0.180602,-3054.472969,0.005232,0.046498,0.000000,-0.189511,-0.032107,-0.157404,-0.368110,0.614990,0.228156,-0.591203,0.022515,-0.540788,0.180751,-3054.472693,0.005235,0.046439,0.000000,-0.189404,-0.032469,-0.156935,-0.371161,0.611421,0.224977,-0.590333,0.024492,-0.542252,0.180674,-166.142624,0.000504,2.067568,-6.6966,-8.7641,-0.466776,0.091353,0.118327,-0.437585,0.068453,-0.067650,0.033186,-166.142488,0.000449,2.067687,-6.6933,-8.7610,-0.464468,0.092080,0.118061,-0.438409,0.068241,-0.068071,0.033257,-166.142669,0.017322,2.067566,-6.6965,-8.7641,-0.466768,0.091354,0.118326,-0.437588,0.068453,-0.067645,0.033188,-166.142488,0.017596,2.067692,-6.6933,-8.7610,-0.464460,0.092083,0.118061,-0.438413,0.068239,-0.068066,0.033258
Xu02-1a-2a-minor,-3054.487953,0.000003,0.000029,0.000000,-0.187521,-0.031883,-0.155638,-0.292778,0.643365,0.240652,-0.587915,0.031796,-0.561528,0.172691,-3054.487953,0.000379,0.003248,0.000000,-0.187521,-0.031883,-0.155638,-0.292778,0.643365,0.240652,-0.587915,0.031796,-0.561528,0.172691,-166.137715,0.000002,0.000024,0.000000,6.000000,1.000000,5.000000,-1.000000,-1.000000,-1.000000,-1.000000,-1.000000,-1.000000,-1.000000,-3054.466881,0.004843,0.042198,0.000000,-0.188536,-0.038251,-0.150285,-0.439763,0.643513,0.220043,-0.569800,0.030339,-0.563187,0.172690,-3054.468143,0.004907,0.039316,0.000000,-0.189520,-0.033900,-0.155620,-0.358221,0.625000,0.233783,-0.578033,0.022879,-0.551183,0.175095,-3054.466818,0.004899,0.041597,0.000000,-0.188738,-0.036973,-0.151765,-0.359513,0.615507,0.227530,-0.568345,0.033071,-0.561568,0.172892,-166.137422,0.000355,2.047426,-6.7725,-8.8199,-0.450808,0.102422,0.092837,-0.419883,0.074374,-0.067175,0.034014,-166.136096,0.000296,2.060936,-6.7295,-8.7905,-0.438845,0.107688,0.098508,-0.422513,0.077095,-0.070646,0.034687,-166.137496,0.022805,2.047428,-6.7725,-8.8199,-0.450804,0.102426,0.092838,-0.419887,0.074369,-0.067167,0.034014,-166.136096,0.020123,2.060962,-6.7295,-8.7905,-0.438842,0.107692,0.098509,-0.422519,0.077092,-0.070638,0.034687
Xu02-7a-2a-major,-2859.334209,0.000001,0.000008,0.000000,-0.187779,-0.028543,-0.159237,-0.193255,0.595754,0.247725,-0.580253,0.025840,-0.561344,-0.193177,-2859.334209,0.000026,0.000254,0.000000,-0.187779,-0.028543,-0.159237,-0.193255,0.595755,0.247724,-0.580253,0.025840,-0.561344,-0.193177,-151.319924,0.000002,0.000018,0.000000,1.000000,6.000000,-5.000000,-1.000000,-1.000000,-1.000000,-1.000000,-1.000000,-1.000000,-1.000000,-2859.313903,0.005495,0.045740,0.000000,-0.187018,-0.030085,-0.156934,-0.309548,0.589957,0.220059,-0.560155,0.015903,-0.551568,-0.195029,-2859.317249,0.005395,0.045901,0.000000,-0.189463,-0.031133,-0.158330,-0.263594,0.595999,0.231542,-0.565369,0.020261,-0.560524,-0.195567,-2859.313940,0.005507,0.046245,0.000000,-0.187420,-0.030047,-0.157373,-0.312970,0.592188,0.220353,-0.561002,0.016327,-0.551040,-0.195004,-151.319887,0.000732,2.151094,-6.6928,-8.8439,-0.472511,0.094491,0.120853,-0.418818,0.074070,-0.072447,-0.031449,-151.316426,0.000336,2.177494,-6.7134,-8.8909,-0.455134,0.098835,0.120579,-0.419653,0.072319,-0.074383,-0.031672,-151.319931,0.016841,2.151059,-6.6928,-8.8439,-0.472513,0.094486,0.120852,-0.418820,0.074083,-0.072455,-0.031448,-151.316426,0.020290,2.177466,-6.7134,-8.8909,-0.455136,0.098833,0.120579,-0.419656,0.072331,-0.074388,-0.031668
Xu02-7a-2a-minor,-2859.331094,0.000002,0.000015,0.000000,-0.187993,-0.028320,-0.159673,-0.284008,0.647496,0.257871,-0.558005,0.028531,-0.569866,-0.191450,-2859.331094,0.000151,0.001361,0.000000,-0.187993,-0.028320,-0.159673,-0.284007,0.647495,0.257871,-0.558005,0.028531,-0.569866,-0.191450,-151.313119,0.000005,0.000033,0.000000,1.000000,6.000000,-5.000000,-1.000000,-1.000000,-1.000000,-1.000000,-1.000000,-1.000000,-1.000000,-2859.311938,0.005130,0.037361,0.000000,-0.188780,-0.030428,-0.158352,-0.341369,0.629623,0.218155,-0.542905,0.025796,-0.564823,-0.192824,-2859.312427,0.005128,0.038036,0.000000,-0.189004,-0.030106,-0.158897,-0.345789,0.639826,0.221084,-0.544091,0.026629,-0.561465,-0.193156,-2859.312159,0.005128,0.037528,0.000000,-0.188942,-0.030300,-0.158642,-0.340985,0.632083,0.217300,-0.543687,0.026611,-0.564926,-0.193171,-151.313127,0.000443,2.110952,-6.7542,-8.8652,-0.432928,0.109147,0.108344,-0.415016,0.079954,-0.073748,-0.031421,-151.312936,0.000448,2.110019,-6.7518,-8.8619,-0.428587,0.109551,0.108546,-0.414649,0.080404,-0.074622,-0.031443,-151.313174,0.017717,2.110966,-6.7542,-8.8652,-0.432929,0.109152,0.108344,-0.415019,0.079954,-0.073744,-0.031422,-151.312936,0.018472,2.110032,-6.7518,-8.8618,-0.428588,0.109555,0.108546,-0.414655,0.080403,-0.074616,-0.031443
Xu03-1a-2a-major,-3285.295064,0.000001,0.000008,0.000000,-0.189823,-0.030064,-0.159759,-0.272486,0.635232,0.241557,-0.604435,0.024713,-0.550014,0.238649,-3285.295064,0.000141,0.001771,0.000000,-0.189823,-0.030064,-0.159759,-0.272485,0.635232,0.241557,-0.604435,0.024713,-0.550014,0.238649,-181.031451,0.000001,0.000005,0.000000,1.000000,1.000000,0.000000,-1.000000,-1.000000,-1.000000,-1.000000,-1.000000,-1.000000,-1.000000,-3285.275772,0.005079,0.045825,0.000000,-0.189645,-0.032481,-0.157163,-0.371365,0.613248,0.223561,-0.590400,0.023429,-0.541485,0.230514,-3285.275929,0.005067,0.046714,0.000000,-0.189573,-0.032290,-0.157283,-0.366488,0.615801,0.227099,-0.591763,0.022682,-0.540661,0.231007,-3285.275542,0.005061,0.046416,0.000000,-0.189444,-0.032664,-0.156780,-0.368799,0.612076,0.223724,-0.590439,0.024764,-0.542015,0.230396,-181.031409,0.000642,2.028904,-6.7374,-8.7663,-0.467129,0.091196,0.118930,-0.437378,0.068488,-0.067683,0.062503,-181.031261,0.000399,2.030225,-6.7351,-8.7653,-0.465068,0.092490,0.118379,-0.438377,0.068379,-0.067940,0.063148,-181.031456,0.017486,2.028889,-6.7374,-8.7663,-0.467128,0.091183,0.118935,-0.437382,0.068503,-0.067688,0.062506,-181.031261,0.017758,2.030184,-6.7351,-8.7653,-0.465059,0.092493,0.118379,-0.438382,0.068380,-0.067932,0.063149
Xu03-1a-2a-minor,-3285.291397,0.000001,0.000008,0.000000,-0.188019,-0.032459,-0.155560,-0.289313,0.644872,0.247941,-0.589209,0.031840,-0.561171,0.236615,-3285.291397,0.000365,0.003346,0.000000,-0.188019,-0.032459,-0.155560,-0.289311,0.644873,0.247940,-0.589209,0.031840,-0.561171,0.236614,-181.026395,0.000003,0.000039,0.000000,1.000000,1.000000,0.000000,-1.000000,-1.000000,-1.000000,-1.000000,-1.000000,-1.000000,-1.000000,-3285.269653,0.004696,0.041549,0.000000,-0.188568,-0.038326,-0.150243,-0.438815,0.644076,0.221042,-0.569602,0.030382,-0.562785,0.221267,-3285.270665,0.004766,0.039729,0.000000,-0.189739,-0.034543,-0.155196,-0.357900,0.624446,0.234299,-0.576510,0.022987,-0.550738,0.225552,-3285.269760,0.004755,0.040946,0.000000,-0.188985,-0.036898,-0.152087,-0.360210,0.616815,0.230011,-0.568913,0.032820,-0.560389,0.218290,-181.026123,0.000414,2.046869,-6.7750,-8.8219,-0.450040,0.102629,0.095247,-0.419539,0.074652,-0.067550,0.059713,-181.024880,0.000359,2.050372,-6.7450,-8.7954,-0.440551,0.106716,0.099140,-0.421686,0.076987,-0.070041,0.063316,-181.026195,0.022647,2.046859,-6.7750,-8.8219,-0.450034,0.102634,0.095249,-0.419543,0.074649,-0.067541,0.059712,-181.024880,0.020390,2.050348,-6.7450,-8.7954,-0.440545,0.106719,0.099142,-0.421690,0.076986,-0.070033,0.063315
Xu03-7a-2a-major,-3090.137417,0.000001,0.000006,0.000000,-0.188047,-0.029383,-0.158664,-0.195099,0.605555,0.247185,-0.579890,0.025738,-0.562483,-0.222795,-3090.137417,0.000029,0.000349,0.000000,-0.188046,-0.029383,-0.158664,-0.195099,0.605554,0.247185,-0.579889,0.025738,-0.562483,-0.222794,-166.208505,0.000003,0.000034,0.000000,6.000000,1.000000,5.000000,-1.000000,-1.000000,-1.000000,-1.000000,-1.000000,-1.000000,-1.000000,-1.000000,0.005309,0.046065,0.000000,-0.187153,-0.029843,-0.157310,-0.307674,0.592285,0.216326,-0.560153,0.016049,-0.550939,-0.223192,-3090.119589,0.005218,0.046236,0.000000,-0.189475,-0.031497,-0.157978,-0.261259,0.597600,0.229846,-0.566216,0.020205,-0.560845,-0.224398,-3090.116196,0.005315,0.046358,0.000000,-0.187568,-0.030062,-0.157506,-0.307569,0.591592,0.215236,-0.561265,0.016186,-0.550724,-0.224183,-166.208426,0.000622,2.104456,-6.7423,-8.8467,-0.473057,0.093784,0.121345,-0.418284,0.073947,-0.072241,-0.036479,-166.204823,0.000720,2.165168,-6.7365,-8.9016,-0.454861,0.099475,0.120136,-0.419735,0.072344,-0.074146,-0.036587,-166.208469,0.017052,2.104474,-6.7423,-8.8467,-0.473064,0.093778,0.121345,-0.418284,0.073960,-0.072249,-0.036474,-166.204823,0.020352,2.165179,-6.7365,-8.9016,-0.454865,0.099471,0.120136,-0.419739,0.072359,-0.074151,-0.036581
Xu03-7a-2a-minor,-3090.134705,0.000003,0.000026,0.000000,-0.188117,-0.029432,-0.158686,-0.280643,0.668781,0.257709,-0.561920,0.032478,-0.571558,-0.215935,-3090.134705,0.000179,0.002262,0.000000,-0.188117,-0.029432,-0.158686,-0.280642,0.668781,0.257709,-0.561919,0.032478,-0.571558,-0.215935,-166.201576,0.000003,0.000021,0.000000,6.000000,1.000000,5.000000,-1.000000,-1.000000,-1.000000,-1.000000,-1.000000,-1.000000,-1.000000,-3090.114371,0.004957,0.037490,0.000000,-0.188866,-0.030808,-0.158059,-0.341885,0.630715,0.218224,-0.542813,0.025832,-0.564824,-0.218030,-3090.114937,0.004955,0.037688,0.000000,-0.188992,-0.030440,-0.158552,-0.343678,0.638564,0.219996,-0.544532,0.026525,-0.561489,-0.217514,-3090.114644,0.004970,0.037564,0.000000,-0.188819,-0.030753,-0.158066,-0.339592,0.633143,0.217511,-0.543534,0.026761,-0.564665,-0.217749,-166.201566,0.000462,2.102224,-6.7652,-8.8674,-0.432090,0.108417,0.108944,-0.414773,0.079998,-0.073739,-0.036345,-166.201400,0.000351,2.096455,-6.7649,-8.8613,-0.428308,0.108741,0.109395,-0.414897,0.080322,-0.074508,-0.036342,-166.201614,0.017858,2.102181,-6.7652,-8.8674,-0.432091,0.108420,0.108944,-0.414774,0.080005,-0.073744,-0.036341,-166.201400,0.018761,2.096419,-6.7649,-8.8613,-0.428310,0.108745,0.109395,-0.414900,0.080327,-0.074510,-0.036340
Xu04-1a-2a-major,-3483.029171,0.000002,0.000021,0.000000,-0.190454,-0.026226,-0.164227,-0.317748,0.678938,0.249223,-0.614109,0.024278,-0.547146,0.160570,-3483.029171,0.000352,0.004244,0.000000,-0.190454,-0.026227,-0.164227,-0.317749,0.678939,0.249223,-0.614110,0.024277,-0.547146,0.160570,-198.689354,0.000002,0.000017,0.000000,1.000000,1.000000,0.000000,-1.000000,-1.000000,-1.000000,-1.000000,-1.000000,-1.000000,-1.000000,-3483.006834,0.005194,0.048640,0.000000,-0.186731,-0.026998,-0.159733,-0.449916,0.601812,0.242702,-0.580045,0.013676,-0.530332,0.163838,-3483.005502,0.004943,0.046826,0.000000,-0.188736,-0.030633,-0.158103,-0.406533,0.615905,0.255386,-0.584246,0.018867,-0.539694,0.163277,-3483.007005,0.004947,0.045609,0.000000,-0.188501,-0.029373,-0.159129,-0.383824,0.620634,0.234479,-0.586191,0.023255,-0.537395,0.163118,-198.683453,0.000406,2.033190,-6.6626,-8.6958,-0.459622,0.095371,0.111422,-0.437144,0.070769,-0.070485,0.030116,-198.681563,0.000702,2.044876,-6.6750,-8.7199,-0.465751,0.097055,0.110597,-0.440724,0.066248,-0.068764,0.030111,-198.683501,0.017936,2.033192,-6.6626,-8.6958,-0.459613,0.095364,0.111426,-0.437150,0.070784,-0.070488,0.030117,-198.681563,0.019158,2.044897,-6.6750,-8.7199,-0.465744,0.097058,0.110597,-0.440729,0.066243,-0.068756,0.030113
Xu04-1a-2a-minor,-3483.026366,0.000004,0.000063,0.000000,-0.186302,-0.031653,-0.154648,-0.293588,0.638058,0.228637,-0.588083,0.031189,-0.565103,0.183569,-3483.026366,0.000342,0.003449,0.000000,-0.186301,-0.031653,-0.154648,-0.293588,0.638058,0.228637,-0.588085,0.031189,-0.565103,0.183569,-198.686309,0.000002,0.000025,0.000000,1.000000,1.000000,0.000000,-1.000000,-1.000000,-1.000000,-1.000000,-1.000000,-1.000000,-1.000000,-3483.000856,0.004653,0.044546,0.000000,-0.184079,-0.038438,-0.145642,-0.372173,0.582338,0.210294,-0.586454,0.032577,-0.560865,0.180162,-3483.000257,0.004744,0.040106,0.000000,-0.189442,-0.033058,-0.156384,-0.293938,0.613712,0.238331,-0.598285,0.023774,-0.559014,0.169024,-3483.001189,0.004667,0.044415,0.000000,-0.184667,-0.038217,-0.146450,-0.378432,0.583624,0.210606,-0.585750,0.033163,-0.561676,0.180183,-198.686339,0.000600,1.983318,-6.8063,-8.7896,-0.450904,0.096190,0.072442,-0.426198,0.073833,-0.062057,0.033510,-198.677018,0.000396,2.017526,-6.7342,-8.7517,-0.422693,0.114147,0.096406,-0.429051,0.078001,-0.074221,0.032747,-198.686423,0.024302,1.983298,-6.8063,-8.7896,-0.450901,0.096195,0.072443,-0.426208,0.073828,-0.062038,0.033514,-198.677018,0.022486,2.017452,-6.7342,-8.7517,-0.422689,0.114148,0.096410,-0.429056,0.078018,-0.074227,0.032749
Xu04-7a-2a-major,-3287.873796,0.000003,0.000023,0.000000,-0.186983,-0.026117,-0.160866,-0.214064,0.613083,0.240323,-0.567939,0.023748,-0.561063,0.137775,-3287.873796,0.000061,0.000834,0.000000,-0.186983,-0.026117,-0.160866,-0.214066,0.613084,0.240323,-0.567939,0.023747,-0.561062,0.137774,-183.866716,0.000002,0.000019,0.000000,6.000000,1.000000,5.000000,-1.000000,-1.000000,-1.000000,-1.000000,-1.000000,-1.000000,-1.000000,-3287.851890,0.005200,0.045689,0.000000,-0.186773,-0.027428,-0.159345,-0.333527,0.601759,0.224391,-0.549857,0.017646,-0.551532,0.135547,-3287.849629,0.005239,0.049769,0.000000,-0.185557,-0.032031,-0.153526,-0.350136,0.598482,0.243068,-0.555729,0.015889,-0.557240,0.137450,-3287.852013,0.005191,0.046904,0.000000,-0.185796,-0.027856,-0.157940,-0.332661,0.598216,0.225683,-0.550642,0.018313,-0.550830,0.136177,-183.866677,0.000581,2.153286,-6.6521,-8.8054,-0.466874,0.097889,0.107370,-0.414815,0.074626,-0.073071,-0.015460,-183.862230,0.000640,2.166895,-6.7130,-8.8799,-0.466203,0.107036,0.104319,-0.425619,0.069639,-0.070449,-0.015426,-183.866713,0.015606,2.153240,-6.6521,-8.8054,-0.466882,0.097880,0.107370,-0.414812,0.074636,-0.073078,-0.015463,-183.862230,0.022407,2.166903,-6.7130,-8.8799,-0.466200,0.107033,0.104318,-0.425618,0.069644,-0.070450,-0.015431
Xu04-7a-2a-minor,-3287.872024,0.000002,0.000012,0.000000,-0.187941,-0.028435,-0.159506,-0.267368,0.650854,0.257014,-0.560333,0.030069,-0.572161,0.142112,-3287.872024,0.000156,0.001792,0.000000,-0.187941,-0.028435,-0.159506,-0.267369,0.650855,0.257014,-0.560334,0.030067,-0.572161,0.142112,-183.861485,0.000002,0.000012,0.000000,6.000000,1.000000,5.000000,-1.000000,-1.000000,-1.000000,-1.000000,-1.000000,-1.000000,-1.000000,-3287.850012,0.004828,0.036658,0.000000,-0.188063,-0.030939,-0.157124,-0.328396,0.612718,0.211391,-0.541979,0.024707,-0.568470,0.138764,-3287.849692,0.004842,0.038229,0.000000,-0.188968,-0.029525,-0.159443,-0.319353,0.630577,0.222848,-0.548223,0.026908,-0.563493,0.134653,-3287.850012,0.004838,0.036946,0.000000,-0.187937,-0.030577,-0.157360,-0.324987,0.614109,0.212430,-0.542508,0.025689,-0.568328,0.137524,-183.861442,0.000356,2.098014,-6.7455,-8.8435,-0.438418,0.110038,0.099475,-0.415996,0.077462,-0.073019,-0.016530,-183.858959,0.000639,2.077095,-6.7460,-8.8231,-0.422664,0.114789,0.101281,-0.416967,0.080296,-0.075581,-0.016337,-183.861486,0.016966,2.097933,-6.7456,-8.8435,-0.438417,0.110042,0.099476,-0.415994,0.077480,-0.073037,-0.016537,-183.858959,0.021350,2.077006,-6.7460,-8.8231,-0.422663,0.114795,0.101281,-0.416967,0.080313,-0.075593,-0.016340
Xu05-1a-2a-major,-3478.234278,0.000003,0.000035,0.000000,-0.192228,-0.029574,-0.162654,-0.282977,0.625702,0.247591,-0.605486,0.025161,-0.545707,0.187772,-3478.234278,0.000055,0.000653,0.000000,-0.192228,-0.029574,-0.162654,-0.282976,0.625702,0.247591,-0.605486,0.025160,-0.545707,0.187772,-194.590243,0.000002,0.000014,0.000000,6.000000,1.000000,5.000000,-1.000000,-1.000000,-1.000000,-1.000000,-1.000000,-1.000000,-1.000000,-3478.215683,0.005059,0.047210,0.000000,-0.191547,-0.032321,-0.159226,-0.375199,0.628247,0.231000,-0.595130,0.025238,-0.539736,0.188118,-3478.215902,0.005049,0.047075,0.000000,-0.191754,-0.032311,-0.159443,-0.372265,0.629529,0.233643,-0.595106,0.024391,-0.540248,0.187376,-3478.215645,0.005071,0.047258,0.000000,-0.191381,-0.032311,-0.159070,-0.374778,0.627266,0.231075,-0.594302,0.025765,-0.540361,0.187205,-194.590269,0.000726,1.979941,-6.7434,-8.7234,-0.467096,0.114627,0.121028,-0.439935,0.068819,-0.067015,0.028643,-194.590182,0.000765,1.977931,-6.7463,-8.7242,-0.465509,0.115456,0.120443,-0.440479,0.068337,-0.067117,0.028677,-194.590323,0.019021,1.979945,-6.7434,-8.7234,-0.467097,0.114614,0.121033,-0.439939,0.068834,-0.067020,0.028646,-194.590182,0.019331,1.977933,-6.7463,-8.7242,-0.465508,0.115444,0.120447,-0.440483,0.068352,-0.067123,0.028681
Xu05-1a-2a-minor,-3478.228535,0.000003,0.000025,0.000000,-0.186929,-0.030856,-0.156073,-0.348101,0.652658,0.254697,-0.601607,0.024056,-0.551916,0.180837,-3478.228535,0.000167,0.001674,0.000000,-0.186929,-0.030856,-0.156073,-0.348101,0.652657,0.254697,-0.601607,0.024056,-0.551916,0.180837,-194.582487,0.000002,0.000018,0.000000,6.000000,1.000000,5.000000,-1.000000,-1.000000,-1.000000,-1.000000,-1.000000,-1.000000,-1.000000,-3478.209951,0.004739,0.039588,0.000000,-0.188554,-0.030209,-0.158346,-0.425059,0.658481,0.239265,-0.587552,0.024062,-0.550109,0.171959,-3478.209910,0.004766,0.039002,0.000000,-0.188730,-0.029292,-0.159438,-0.422949,0.664265,0.243532,-0.590267,0.022860,-0.545157,0.172107,-3478.209948,0.004739,0.039538,0.000000,-0.188438,-0.030404,-0.158034,-0.428007,0.659686,0.238623,-0.586039,0.024916,-0.550779,0.171915,-194.582490,0.000585,1.876747,-6.8178,-8.6945,-0.463079,0.125110,0.108498,-0.432200,0.075982,-0.069838,0.015958,-194.582136,0.000414,1.847843,-6.8218,-8.6697,-0.455071,0.126319,0.109064,-0.432161,0.076842,-0.072597,0.016231,-194.582550,0.019960,1.876770,-6.8177,-8.6945,-0.463072,0.125114,0.108499,-0.432208,0.075977,-0.069825,0.015961,-194.582136,0.021421,1.847852,-6.8218,-8.6696,-0.455064,0.126322,0.109065,-0.432167,0.076840,-0.072587,0.016234
Xu06-1a-2a-major,-3630.493233,0.000002,0.000019,0.000000,-0.191643,-0.029840,-0.161803,-0.306337,0.633816,0.245111,-0.605327,0.027411,-0.544382,0.192498,-3630.493233,0.000018,0.000226,0.000000,-0.191643,-0.029840,-0.161803,-0.306337,0.633815,0.245111,-0.605326,0.027412,-0.544382,0.192498,-203.143361,0.000003,0.000025,0.000000,6.000000,6.000000,0.000000,-1.000000,-1.000000,-1.000000,-1.000000,-1.000000,-1.000000,-1.000000,-3630.473261,0.004883,0.045668,0.000000,-0.190047,-0.031487,-0.158560,-0.387971,0.632943,0.232503,-0.593371,0.025147,-0.541168,0.191200,-3630.474123,0.004865,0.046325,0.000000,-0.190938,-0.031450,-0.159488,-0.385694,0.635446,0.237326,-0.594474,0.022970,-0.540369,0.191202,-3630.473324,0.004889,0.046370,0.000000,-0.189845,-0.031777,-0.158067,-0.391593,0.632176,0.233354,-0.592955,0.026141,-0.541821,0.191465,-203.143344,0.000373,1.975915,-6.7264,-8.7023,-0.471584,0.110975,0.124635,-0.439292,0.067656,-0.067804,0.030782,-203.142936,0.000494,1.973078,-6.7317,-8.7048,-0.468062,0.113379,0.123274,-0.440855,0.067132,-0.068293,0.030404,-203.143396,0.018633,1.975915,-6.7264,-8.7023,-0.471593,0.110960,0.124641,-0.439296,0.067669,-0.067807,0.030781,-203.142936,0.019121,1.973078,-6.7317,-8.7048,-0.468066,0.113366,0.123279,-0.440859,0.067145,-0.068296,0.030403
Xu06-1a-2a-minor,-3630.492939,0.000003,0.000026,0.000000,-0.186768,-0.028984,-0.157784,-0.363985,0.696070,0.261617,-0.597089,0.025881,-0.552496,0.193912,-3630.492939,0.000020,0.000240,0.000000,-0.186768,-0.028984,-0.157784,-0.363987,0.696069,0.261617,-0.597089,0.025881,-0.552495,0.193912,-203.140805,0.000001,0.000008,0.000000,6.000000,6.000000,0.000000,-1.000000,-1.000000,-1.000000,-1.000000,-1.000000,-1.000000,-1.000000,-3630.473802,0.004565,0.039859,0.000000,-0.187947,-0.030292,-0.157655,-0.429318,0.688814,0.239607,-0.580988,0.025460,-0.551748,0.190536,-3630.474038,0.004605,0.038998,0.000000,-0.188090,-0.028655,-0.159435,-0.421733,0.692339,0.245497,-0.586986,0.022734,-0.545798,0.190827,-3630.473870,0.004576,0.039633,0.000000,-0.187817,-0.030061,-0.157756,-0.431908,0.690970,0.239940,-0.581409,0.025741,-0.552262,0.190427,-203.140765,0.000690,1.952029,-6.7271,-8.6791,-0.461795,0.120155,0.110298,-0.428093,0.076084,-0.070022,0.031969,-203.140174,0.000368,1.913712,-6.7283,-8.6420,-0.451589,0.121030,0.110568,-0.428675,0.077116,-0.072543,0.032285,-203.140821,0.019368,1.952034,-6.7271,-8.6791,-0.461789,0.120159,0.110300,-0.428099,0.076081,-0.070011,0.031969,-203.140174,0.020954,1.913713,-6.7283,-8.6420,-0.451582,0.121034,0.110570,-0.428681,0.077113,-0.072532,0.032285
Xu07-1a-2a-major,-3783.972824,0.000002,0.000016,0.000000,-0.191517,-0.031159,-0.160358,-0.306354,0.633386,0.244282,-0.605442,0.027659,-0.544008,0.190466,-3783.972824,0.000022,0.000265,0.000000,-0.191517,-0.031159,-0.160358,-0.306353,0.633386,0.244282,-0.605442,0.027659,-0.544008,0.190467,-212.743077,0.000001,0.000018,0.000000,1.000000,6.000000,-5.000000,-1.000000,-1.000000,-1.000000,-1.000000,-1.000000,-1.000000,-1.000000,-3783.954086,0.004781,0.045126,0.000000,-0.189670,-0.033989,-0.155681,-0.380619,0.635717,0.226552,-0.594870,0.025241,-0.541117,0.188285,-3783.953457,0.004786,0.046619,0.000000,-0.190892,-0.031745,-0.159148,-0.388221,0.634080,0.239876,-0.594115,0.022787,-0.540020,0.191680,-3783.952649,0.004793,0.046636,0.000000,-0.189326,-0.032196,-0.157130,-0.394617,0.630692,0.236096,-0.592546,0.026379,-0.541764,0.191158,-212.740267,0.000335,1.616208,-7.0884,-8.7046,-0.472931,0.111922,0.124363,-0.439588,0.067455,-0.067796,0.030478,-212.739833,0.000711,1.629839,-7.0786,-8.7084,-0.468019,0.114116,0.122794,-0.441000,0.067008,-0.068330,0.029917,-212.740321,0.018884,1.616219,-7.0884,-8.7046,-0.472942,0.111905,0.124369,-0.439593,0.067465,-0.067795,0.030477,-212.739833,0.019074,1.629854,-7.0786,-8.7084,-0.468026,0.114101,0.122800,-0.441005,0.067021,-0.068333,0.029916
Xu07-1a-2a-minor,-3783.971699,0.000001,0.000015,0.000000,-0.186484,-0.040071,-0.146414,-0.363941,0.693738,0.260236,-0.596845,0.025897,-0.552241,0.193678,-3783.971699,0.000015,0.000174,0.000000,-0.186484,-0.040071,-0.146414,-0.363941,0.693739,0.260236,-0.596844,0.025897,-0.552241,0.193678,-212.736840,0.000001,0.000008,0.000000,1.000000,6.000000,-5.000000,-1.000000,-1.000000,-1.000000,-1.000000,-1.000000,-1.000000,-1.000000,-3783.952205,0.004474,0.039722,0.000000,-0.187936,-0.038640,-0.149296,-0.429619,0.690618,0.240297,-0.581124,0.025148,-0.551832,0.190625,-3783.952285,0.004489,0.037789,0.000000,-0.188138,-0.037399,-0.150738,-0.415736,0.690122,0.246161,-0.587230,0.023159,-0.545447,0.190977,-3783.952352,0.004488,0.039090,0.000000,-0.187923,-0.037718,-0.150206,-0.430407,0.689552,0.240070,-0.581344,0.025886,-0.552365,0.190512,-212.736596,0.000455,1.316138,-7.3548,-8.6709,-0.461572,0.120151,0.110768,-0.427870,0.076119,-0.070109,0.031537,-212.735665,0.001011,1.272171,-7.3572,-8.6294,-0.449450,0.121671,0.110401,-0.428440,0.077320,-0.072930,0.031867,-212.736653,0.019512,1.316079,-7.3548,-8.6709,-0.461564,0.120154,0.110770,-0.427874,0.076118,-0.070100,0.031537,-212.735665,0.021161,1.272142,-7.3572,-8.6294,-0.449447,0.121671,0.110406,-0.428450,0.077334,-0.072939,0.031870
Xu08-1a-2a-major,-3744.893483,0.000000,0.000002,0.000000,-0.190902,-0.027497,-0.163405,-0.306343,0.632415,0.247833,-0.604837,0.026911,-0.544953,0.212229,-3744.893483,0.000002,0.000008,0.000000,-0.190902,-0.027497,-0.163405,-0.306343,0.632415,0.247833,-0.604837,0.026911,-0.544953,0.212229,-210.373033,0.000003,0.000022,0.000000,1.000000,1.000000,0.000000,-1.000000,-1.000000,-1.000000,-1.000000,-1.000000,-1.000000,-1.000000,-3744.873551,0.004904,0.046378,0.000000,-0.189394,-0.030865,-0.158529,-0.390433,0.633114,0.232434,-0.593988,0.025955,-0.540769,0.210589,-3744.873925,0.004878,0.046290,0.000000,-0.190200,-0.030680,-0.159520,-0.390141,0.636308,0.240203,-0.594500,0.022807,-0.539820,0.210586,-3744.873737,0.004898,0.046524,0.000000,-0.189325,-0.030978,-0.158347,-0.392166,0.631764,0.232886,-0.593137,0.026352,-0.541030,0.210483,-210.373005,0.000582,1.996073,-6.6785,-8.6745,-0.471695,0.117592,0.124924,-0.439679,0.067586,-0.068126,0.062755,-210.372704,0.000834,1.999426,-6.6776,-8.6770,-0.468920,0.118848,0.123940,-0.440975,0.066905,-0.068421,0.062818,-210.373059,0.019045,1.996085,-6.6785,-8.6745,-0.471704,0.117577,0.124931,-0.439683,0.067597,-0.068129,0.062754,-210.372704,0.019277,1.999433,-6.6776,-8.6770,-0.468924,0.118835,0.123946,-0.440978,0.066915,-0.068425,0.062818
Xu08-1a-2a-minor,-3744.886867,0.000001,0.000003,0.000000,-0.187010,-0.029768,-0.157243,-0.347819,0.673806,0.258000,-0.597186,0.025705,-0.552860,0.213644,-3744.886867,0.000001,0.000007,0.000000,-0.187010,-0.029768,-0.157243,-0.347819,0.673806,0.258000,-0.597186,0.025705,-0.552860,0.213644,-210.366908,0.000001,0.000014,0.000000,1.000000,1.000000,0.000000,-1.000000,-1.000000,-1.000000,-1.000000,-1.000000,-1.000000,-1.000000,-3744.864662,0.004625,0.039883,0.000000,-0.187634,-0.029207,-0.158427,-0.436629,0.696729,0.240055,-0.582995,0.024646,-0.550520,0.208930,-3744.864501,0.004657,0.038811,0.000000,-0.188084,-0.027541,-0.160543,-0.426726,0.701052,0.246177,-0.589623,0.023074,-0.545296,0.208819,-3744.864557,0.004636,0.039688,0.000000,-0.187587,-0.029256,-0.158331,-0.437122,0.697346,0.240224,-0.582565,0.024911,-0.551211,0.208865,-210.366934,0.000579,1.987642,-6.6613,-8.6489,-0.463208,0.121908,0.112080,-0.428517,0.076130,-0.069952,0.060135,-210.366270,0.000663,1.948354,-6.6577,-8.6060,-0.452113,0.123252,0.113195,-0.429448,0.077081,-0.073266,0.060304,-210.366991,0.019411,1.987623,-6.6613,-8.6489,-0.463202,0.121912,0.112083,-0.428521,0.076127,-0.069941,0.060135,-210.366270,0.021150,1.948340,-6.6576,-8.6060,-0.452107,0.123257,0.113197,-0.429455,0.077077,-0.073254,0.060304
Xu08-7a-2a-major,-3549.737342,0.000003,0.000023,0.000000,-0.189754,-0.027019,-0.162735,-0.233007,0.614374,0.251124,-0.579685,0.026692,-0.560046,0.191145,-3549.737342,0.000025,0.000253,0.000000,-0.189754,-0.027019,-0.162735,-0.233008,0.614374,0.251124,-0.579684,0.026692,-0.560046,0.191145,-195.551685,0.000002,0.000012,0.000000,1.000000,1.000000,0.000000,-1.000000,-1.000000,-1.000000,-1.000000,-1.000000,-1.000000,-1.000000,-3549.713430,0.005108,0.045333,0.000000,-0.185782,-0.028255,-0.157527,-0.345512,0.620463,0.225579,-0.559692,0.017065,-0.547275,0.189612,-3549.718782,0.004997,0.046194,0.000000,-0.189976,-0.030242,-0.159734,-0.294538,0.618164,0.244289,-0.566248,0.021041,-0.557391,0.189455,-3549.714826,0.005085,0.046166,0.000000,-0.185505,-0.028955,-0.156550,-0.348911,0.617177,0.230743,-0.560803,0.017390,-0.548079,0.189652,-195.551484,0.000650,2.087663,-6.6915,-8.7791,-0.481740,0.122038,0.127674,-0.420485,0.073736,-0.072578,0.024953,-195.547406,0.000446,2.147615,-6.6803,-8.8279,-0.461278,0.127051,0.125851,-0.421498,0.071649,-0.074035,0.024764,-195.551527,0.017036,2.087610,-6.6915,-8.7791,-0.481739,0.122040,0.127673,-0.420490,0.073733,-0.072573,0.024952,-195.547406,0.021369,2.147573,-6.6803,-8.8279,-0.461278,0.127052,0.125851,-0.421500,0.071647,-0.074034,0.024762
Xu08-7a-2a-minor,-3549.730729,0.000002,0.000015,0.000000,-0.186189,-0.026975,-0.159214,-0.357326,0.693246,0.256806,-0.559169,0.027952,-0.562151,0.187275,-3549.730729,0.000063,0.000698,0.000000,-0.186189,-0.026975,-0.159213,-0.357325,0.693246,0.256806,-0.559168,0.027952,-0.562150,0.187275,-195.544314,0.000002,0.000042,0.000000,1.000000,1.000000,0.000000,-1.000000,-1.000000,-1.000000,-1.000000,-1.000000,-1.000000,-1.000000,-3549.707626,0.004798,0.037462,0.000000,-0.186656,-0.026774,-0.159881,-0.405388,0.707876,0.222569,-0.546712,0.025024,-0.560519,0.185876,-3549.707555,0.004817,0.038701,0.000000,-0.187055,-0.026511,-0.160544,-0.397990,0.717260,0.226471,-0.548308,0.028170,-0.555659,0.186029,-3549.707420,0.004796,0.037308,0.000000,-0.186576,-0.026736,-0.159840,-0.405894,0.709135,0.222041,-0.546650,0.025662,-0.560892,0.185985,-195.544330,0.000672,2.083033,-6.6480,-8.7310,-0.451746,0.126262,0.121703,-0.418455,0.079967,-0.073053,0.024312,-195.543642,0.000393,2.063362,-6.6494,-8.7128,-0.443975,0.127071,0.121391,-0.417119,0.080683,-0.075110,0.024450,-195.544377,0.017644,2.083012,-6.6480,-8.7310,-0.451747,0.126268,0.121702,-0.418460,0.079966,-0.073047,0.024310,-195.543642,0.020011,2.063329,-6.6494,-8.7128,-0.443975,0.127074,0.121391,-0.417121,0.080682,-0.075105,0.024448
Xu09-1a-2a-major,-4187.552480,0.000002,0.000023,0.000000,-0.192287,-0.036421,-0.155866,-0.319048,0.630406,0.261508,-0.602917,0.027105,-0.544430,0.191872,-4187.552480,0.000061,0.000688,0.000000,-0.192287,-0.036421,-0.155866,-0.319048,0.630405,0.261508,-0.602916,0.027106,-0.544430,0.191872,-227.185841,0.000004,0.000061,0.000000,1.000000,6.000000,-5.000000,-1.000000,-1.000000,-1.000000,-1.000000,-1.000000,-1.000000,-1.000000,-4187.532419,0.005050,0.048299,0.000000,-0.192339,-0.036099,-0.156240,-0.400176,0.639226,0.242176,-0.592668,0.026485,-0.540815,0.187795,-4187.532422,0.005076,0.048693,0.000000,-0.192850,-0.035586,-0.157264,-0.400610,0.640031,0.244964,-0.595372,0.022611,-0.536821,0.187850,-4187.532289,0.005066,0.048449,0.000000,-0.192020,-0.035992,-0.156028,-0.405967,0.636542,0.243042,-0.593716,0.026091,-0.540999,0.187837,-227.185718,0.000848,1.177989,-7.7608,-8.9388,-0.477825,0.118071,0.143976,-0.446248,0.067805,-0.068729,0.045726,-227.185307,0.000695,1.147936,-7.7678,-8.9157,-0.473858,0.116931,0.142534,-0.446935,0.067596,-0.069369,0.046057,-227.185769,0.018368,1.177895,-7.7609,-8.9387,-0.477827,0.118058,0.143982,-0.446249,0.067818,-0.068734,0.045725,-227.185307,0.019144,1.147843,-7.7679,-8.9157,-0.473858,0.116920,0.142541,-0.446934,0.067611,-0.069376,0.046056
Xu09-1a-2a-minor,-4187.547465,0.000002,0.000027,0.000000,-0.188588,-0.038383,-0.150204,-0.352375,0.674172,0.265788,-0.597791,0.025219,-0.552963,0.190468,-4187.547465,0.000042,0.000549,0.000000,-0.188588,-0.038383,-0.150204,-0.352374,0.674171,0.265788,-0.597791,0.025218,-0.552963,0.190468,-227.180790,0.000002,0.000018,0.000000,1.000000,6.000000,-5.000000,-1.000000,-1.000000,-1.000000,-1.000000,-1.000000,-1.000000,-1.000000,-4187.524353,0.004764,0.041863,0.000000,-0.189627,-0.033131,-0.156496,-0.452658,0.701725,0.247972,-0.582229,0.024138,-0.550409,0.189679,-4187.524080,0.004804,0.040871,0.000000,-0.189916,-0.032764,-0.157151,-0.447142,0.708934,0.255149,-0.589496,0.023541,-0.542887,0.189758,-4187.524267,0.004768,0.041567,0.000000,-0.189565,-0.032954,-0.156611,-0.457551,0.704953,0.248531,-0.581903,0.024162,-0.550692,0.189503,-227.180808,0.000480,1.226511,-7.6594,-8.8859,-0.467911,0.123131,0.129344,-0.427884,0.076449,-0.070648,0.038565,-227.179993,0.000453,1.181340,-7.6587,-8.8401,-0.454484,0.123785,0.131379,-0.428516,0.077327,-0.074627,0.038844,-227.180861,0.018772,1.226526,-7.6594,-8.8859,-0.467911,0.123135,0.129349,-0.427889,0.076449,-0.070638,0.038565,-227.179993,0.021088,1.181351,-7.6587,-8.8401,-0.454484,0.123788,0.131383,-0.428522,0.077327,-0.074618,0.038844
Xu09-7a-2a-major,-3992.398183,0.000002,0.000017,0.000000,-0.191603,-0.035958,-0.155645,-0.219776,0.611538,0.246364,-0.586351,0.028218,-0.559457,0.191339,-3992.398183,0.000002,0.000011,0.000000,-0.191603,-0.035958,-0.155645,-0.219777,0.611539,0.246364,-0.586350,0.028219,-0.559457,0.191339,-212.365666,0.000003,0.000034,0.000000,6.000000,8.000000,-2.000000,-1.000000,-1.000000,-1.000000,-1.000000,-1.000000,-1.000000,-1.000000,-3992.374532,0.005258,0.046288,0.000000,-0.190087,-0.035424,-0.154664,-0.326009,0.624444,0.207969,-0.569002,0.017075,-0.548245,0.190033,-3992.379680,0.005144,0.047675,0.000000,-0.192802,-0.036487,-0.156315,-0.294059,0.619491,0.236977,-0.574380,0.021150,-0.555426,0.189734,-3992.376563,0.005239,0.047275,0.000000,-0.189944,-0.036463,-0.153481,-0.331156,0.617325,0.216937,-0.571052,0.016622,-0.547781,0.189949,-212.365415,0.000831,1.257754,-7.7830,-9.0408,-0.482383,0.123631,0.143047,-0.429630,0.074200,-0.073170,0.025884,-212.361689,0.000510,1.305508,-7.7777,-9.0832,-0.464677,0.125542,0.140591,-0.431570,0.072256,-0.074483,0.025681,-212.365457,0.016845,1.257735,-7.7830,-9.0407,-0.482391,0.123632,0.143048,-0.429636,0.074196,-0.073161,0.025883,-212.361689,0.021038,1.305496,-7.7777,-9.0832,-0.464683,0.125544,0.140592,-0.431573,0.072256,-0.074479,0.025680
Xu09-7a-2a-minor,-3992.391625,0.000000,0.000001,0.000000,-0.188181,-0.038543,-0.149638,-0.354240,0.693760,0.260687,-0.559052,0.029004,-0.561850,0.187599,-3992.391625,0.000002,0.000005,0.000000,-0.188181,-0.038543,-0.149638,-0.354240,0.693760,0.260687,-0.559052,0.029004,-0.561850,0.187599,-212.359529,0.000001,0.000012,0.000000,6.000000,8.000000,-2.000000,-1.000000,-1.000000,-1.000000,-1.000000,-1.000000,-1.000000,-1.000000,-3992.367165,0.004953,0.038606,0.000000,-0.188822,-0.035108,-0.153714,-0.399240,0.704906,0.217770,-0.546284,0.025438,-0.560380,0.186469,-3992.367879,0.004983,0.040323,0.000000,-0.189052,-0.033998,-0.155054,-0.400365,0.719624,0.224030,-0.546753,0.028242,-0.553840,0.186470,-3992.367092,0.004973,0.039139,0.000000,-0.188806,-0.034978,-0.153828,-0.398480,0.704923,0.216516,-0.546081,0.026107,-0.561129,0.186513,-212.359468,0.000490,1.333410,-7.6469,-8.9803,-0.455251,0.126783,0.137636,-0.416186,0.079512,-0.073992,0.025596,-212.358410,0.000707,1.316295,-7.6648,-8.9811,-0.444547,0.126698,0.137340,-0.414432,0.080980,-0.076158,0.025797,-212.359512,0.017217,1.333411,-7.6469,-8.9803,-0.455257,0.126788,0.137639,-0.416189,0.079513,-0.073987,0.025595,-212.358410,0.019480,1.316292,-7.6648,-8.9811,-0.444553,0.126702,0.137341,-0.414433,0.080979,-0.076153,0.025796
Xu10-1a-2a-major,-3975.692921,0.000001,0.000011,0.000000,-0.191043,-0.027690,-0.163353,-0.304060,0.629944,0.248020,-0.604313,0.026112,-0.545226,0.191252,-3975.692921,0.000025,0.000284,0.000000,-0.191043,-0.027690,-0.163353,-0.304060,0.629944,0.248020,-0.604313,0.026112,-0.545226,0.191252,-225.256637,0.000002,0.000016,0.000000,1.000000,1.000000,0.000000,-1.000000,-1.000000,-1.000000,-1.000000,-1.000000,-1.000000,-1.000000,-3975.667195,0.004822,0.044067,0.000000,-0.190133,-0.031072,-0.159060,-0.370107,0.637000,0.230440,-0.592237,0.023361,-0.542629,0.185637,-3975.672302,0.004787,0.047028,0.000000,-0.189452,-0.030686,-0.158766,-0.393088,0.631032,0.236366,-0.594034,0.023813,-0.538910,0.189191,-3975.671894,0.004809,0.046909,0.000000,-0.188970,-0.031140,-0.157830,-0.391705,0.627663,0.233039,-0.592836,0.026228,-0.541286,0.189202,-225.253807,0.000274,2.003375,-6.6684,-8.6718,-0.471037,0.117833,0.123215,-0.439547,0.067870,-0.067936,0.031007,-225.253630,0.000670,1.997957,-6.6681,-8.6661,-0.469398,0.118289,0.122469,-0.440771,0.067544,-0.068171,0.031019,-225.253860,0.018749,2.003381,-6.6684,-8.6718,-0.471044,0.117816,0.123221,-0.439551,0.067881,-0.067937,0.031008,-225.253630,0.019206,1.997965,-6.6681,-8.6661,-0.469403,0.118274,0.122475,-0.440776,0.067556,-0.068173,0.031020
Xu10-1a-2a-minor,-3975.690929,0.000001,0.000010,0.000000,-0.185668,-0.028441,-0.157227,-0.361007,0.677388,0.257165,-0.598842,0.024984,-0.551353,0.202084,-3975.690929,0.000094,0.001045,0.000000,-0.185668,-0.028441,-0.157227,-0.361008,0.677388,0.257165,-0.598841,0.024985,-0.551353,0.202084,-225.252703,0.000002,0.000017,0.000000,1.000000,1.000000,0.000000,-1.000000,-1.000000,-1.000000,-1.000000,-1.000000,-1.000000,-1.000000,-1.000000,0.004521,0.038141,0.000000,-0.186616,-0.029504,-0.157111,-0.429122,0.696957,0.239214,-0.582119,0.025817,-0.549117,0.200186,-3975.662274,0.004538,0.039017,0.000000,-0.188083,-0.027744,-0.160339,-0.427663,0.699977,0.245857,-0.589344,0.022821,-0.545700,0.189948,-3975.662418,0.004513,0.039912,0.000000,-0.187790,-0.029367,-0.158423,-0.435168,0.695757,0.240058,-0.582611,0.025061,-0.551637,0.189847,-225.247006,0.000391,1.995740,-6.6487,-8.6444,-0.462457,0.121900,0.111279,-0.428798,0.076009,-0.069684,0.029709,-225.246399,0.000418,1.957896,-6.6484,-8.6063,-0.452882,0.123016,0.112733,-0.429544,0.077020,-0.072937,0.029882,-225.247063,0.019474,1.995725,-6.6487,-8.6444,-0.462449,0.121903,0.111281,-0.428801,0.076006,-0.069673,0.029709,-225.246399,0.021251,1.957840,-6.6485,-8.6063,-0.452876,0.123016,0.112739,-0.429551,0.077037,-0.072951,0.029884
Xu11-1a-2a-major,-3514.091061,0.000001,0.000012,0.000000,-0.190546,-0.029263,-0.161283,-0.265719,0.627970,0.245158,-0.604466,0.024398,-0.550281,0.196519,-3514.091061,0.000148,0.001802,0.000000,-0.190546,-0.029263,-0.161283,-0.265720,0.627971,0.245158,-0.604466,0.024398,-0.550281,0.196519,-195.492520,0.000002,0.000020,0.000000,1.000000,1.000000,0.000000,-1.000000,-1.000000,-1.000000,-1.000000,-1.000000,-1.000000,-1.000000,-3514.071656,0.005085,0.045930,0.000000,-0.189326,-0.030954,-0.158372,-0.374691,0.611663,0.224256,-0.590295,0.023092,-0.542444,0.191801,-3514.070836,0.005060,0.047104,0.000000,-0.187624,-0.030940,-0.156684,-0.382737,0.612905,0.229407,-0.590779,0.022589,-0.540476,0.190379,-3514.070909,0.005062,0.046913,0.000000,-0.187676,-0.030927,-0.156749,-0.378594,0.613096,0.226032,-0.590318,0.024817,-0.541914,0.189983,-195.492291,0.000584,2.004113,-6.7072,-8.7113,-0.468677,0.098381,0.119798,-0.437914,0.068429,-0.068220,0.051547,-195.492196,0.000578,2.009504,-6.7053,-8.7148,-0.469013,0.099280,0.119798,-0.438786,0.067978,-0.067971,0.051867,-195.492336,0.017365,2.004098,-6.7072,-8.7113,-0.468683,0.098366,0.119804,-0.437921,0.068442,-0.068223,0.051548,-195.492196,0.017484,2.009501,-6.7053,-8.7148,-0.469018,0.099268,0.119805,-0.438791,0.067992,-0.067973,0.051867
Xu11-1a-2a-minor,-3514.088719,0.000002,0.000021,0.000000,-0.186969,-0.031845,-0.155124,-0.302778,0.649115,0.239887,-0.587253,0.031572,-0.562176,0.189674,-3514.088719,0.000392,0.003530,0.000000,-0.186969,-0.031845,-0.155124,-0.302775,0.649115,0.239887,-0.587253,0.031570,-0.562176,0.189673,-195.488462,0.000002,0.000016,0.000000,1.000000,1.000000,0.000000,-1.000000,-1.000000,-1.000000,-1.000000,-1.000000,-1.000000,-1.000000,-3514.067444,0.004738,0.041195,0.000000,-0.188984,-0.037371,-0.151613,-0.449448,0.648965,0.221445,-0.569979,0.029724,-0.561951,0.191421,-3514.066978,0.004796,0.039930,0.000000,-0.189305,-0.033452,-0.155853,-0.363405,0.626565,0.236859,-0.576103,0.022579,-0.551571,0.184247,-3514.067172,0.004754,0.041078,0.000000,-0.189168,-0.036953,-0.152214,-0.439083,0.646018,0.221302,-0.568373,0.030305,-0.563924,0.188625,-195.488439,0.000395,2.048320,-6.7360,-8.7843,-0.449774,0.111180,0.085235,-0.422073,0.073778,-0.065293,0.049647,-195.486530,0.000557,2.075133,-6.6712,-8.7463,-0.442128,0.111755,0.102111,-0.421469,0.076718,-0.069816,0.044794,-195.488506,0.021647,2.048297,-6.7360,-8.7843,-0.449766,0.111186,0.085237,-0.422081,0.073775,-0.065279,0.049647,-195.486530,0.020312,2.075094,-6.6712,-8.7463,-0.442123,0.111759,0.102113,-0.421475,0.076713,-0.069804,0.044795
Xu11-7a-2a-major,-3318.936626,0.000001,0.000006,0.000000,-0.188309,-0.027634,-0.160675,-0.190333,0.610206,0.246891,-0.576526,0.024370,-0.565342,0.189263,-3318.936626,0.000096,0.001267,0.000000,-0.188309,-0.027634,-0.160675,-0.190333,0.610206,0.246891,-0.576526,0.024370,-0.565342,0.189263,-180.669959,0.000001,0.000007,0.000000,1.000000,1.000000,0.000000,-1.000000,-1.000000,-1.000000,-1.000000,-1.000000,-1.000000,-1.000000,-3318.912586,0.005271,0.044862,0.000000,-0.187762,-0.028079,-0.159683,-0.308720,0.596929,0.217400,-0.556813,0.015009,-0.551198,0.193729,-3318.915832,0.005160,0.046622,0.000000,-0.189063,-0.030147,-0.158916,-0.265549,0.596418,0.231564,-0.567460,0.020751,-0.561691,0.192562,-3318.912862,0.005275,0.046797,0.000000,-0.186589,-0.028164,-0.158425,-0.308838,0.590475,0.217920,-0.560693,0.015750,-0.550498,0.193008,-180.669683,0.000480,2.134278,-6.6722,-8.8065,-0.467466,0.097813,0.119852,-0.417968,0.074188,-0.072795,0.034839,-180.665917,0.000486,2.222097,-6.6420,-8.8641,-0.452896,0.104220,0.122091,-0.419796,0.072682,-0.074390,0.032750,-180.669724,0.016602,2.134322,-6.6722,-8.8065,-0.467475,0.097803,0.119852,-0.417968,0.074202,-0.072803,0.034839,-180.665917,0.020692,2.222140,-6.6419,-8.8641,-0.452901,0.104216,0.122092,-0.419799,0.072697,-0.074398,0.032750
Xu11-7a-2a-minor,-3318.932893,0.000002,0.000019,0.000000,-0.187433,-0.028685,-0.158748,-0.279401,0.667051,0.258528,-0.562058,0.032094,-0.571262,0.188915,-3318.932893,0.000162,0.002082,0.000000,-0.187433,-0.028685,-0.158747,-0.279401,0.667050,0.258528,-0.562057,0.032094,-0.571262,0.188915,-180.662476,0.000001,0.000014,0.000000,1.000000,1.000000,0.000000,-1.000000,-1.000000,-1.000000,-1.000000,-1.000000,-1.000000,-1.000000,-3318.910407,0.004959,0.037357,0.000000,-0.188107,-0.029564,-0.158543,-0.343525,0.629048,0.218004,-0.542745,0.025700,-0.564396,0.193435,-3318.910456,0.004965,0.037839,0.000000,-0.188299,-0.029475,-0.158824,-0.342144,0.636807,0.218963,-0.544473,0.026857,-0.561643,0.192861,-3318.910119,0.004976,0.037568,0.000000,-0.188224,-0.029492,-0.158732,-0.342888,0.630806,0.215953,-0.543805,0.027070,-0.564496,0.192835,-180.662430,0.000456,2.207581,-6.6167,-8.8242,-0.432943,0.111744,0.109961,-0.414531,0.079862,-0.073954,0.027497,-180.662256,0.000459,2.202973,-6.6195,-8.8225,-0.428333,0.113311,0.109986,-0.414437,0.080436,-0.074605,0.027746,-180.662480,0.018167,2.207578,-6.6166,-8.8242,-0.432949,0.111744,0.109964,-0.414531,0.079878,-0.073967,0.027498,-180.662256,0.018644,2.202966,-6.6195,-8.8225,-0.428338,0.113312,0.109987,-0.414439,0.080450,-0.074618,0.027746
Xu12-7a-2a-major,-2937.866952,0.000001,0.000008,0.000000,-0.189498,-0.027110,-0.162388,-0.324633,0.686951,0.242915,-0.558222,0.029385,-0.558055,-0.237185,-2937.866952,0.000208,0.002114,0.000000,-0.189498,-0.027110,-0.162388,-0.324634,0.686951,0.242915,-0.558220,0.029386,-0.558056,-0.237184,-157.645256,0.000001,0.000010,0.000000,6.000000,1.000000,5.000000,-1.000000,-1.000000,-1.000000,-1.000000,-1.000000,-1.000000,-1.000000,-2937.841570,0.005466,0.040009,0.000000,-0.188945,-0.029197,-0.159748,-0.303278,0.603245,0.175111,-0.555020,0.015675,-0.548396,-0.243739,-2937.845978,0.005320,0.043470,0.000000,-0.188891,-0.031573,-0.157318,-0.241340,0.593409,0.216643,-0.564005,0.019871,-0.560449,-0.242089,-2937.844530,0.005324,0.042007,0.000000,-0.187896,-0.030938,-0.156958,-0.254511,0.593029,0.191559,-0.557780,0.023748,-0.558415,-0.241872,-157.642704,0.000908,2.177503,-6.6770,-8.8545,-0.463554,0.089600,0.123014,-0.410787,0.073727,-0.073545,-0.044896,-157.640978,0.000534,2.181701,-6.7013,-8.8830,-0.453975,0.096697,0.118611,-0.414606,0.072259,-0.074592,-0.045085,-157.642761,0.019466,2.177483,-6.6770,-8.8544,-0.463554,0.089603,0.123014,-0.410791,0.073726,-0.073539,-0.044899,-157.640978,0.020940,2.181693,-6.7013,-8.8830,-0.453975,0.096700,0.118610,-0.414609,0.072258,-0.074588,-0.045089
Xu12-7a-2a-minor,-2937.862996,0.000004,0.000033,0.000000,-0.188075,-0.028890,-0.159184,-0.276874,0.671250,0.249073,-0.561573,0.034027,-0.570789,-0.233057,-2937.862996,0.000208,0.002667,0.000000,-0.188075,-0.028890,-0.159184,-0.276875,0.671249,0.249072,-0.561572,0.034027,-0.570789,-0.233057,-157.638563,0.000001,0.000007,0.000000,6.000000,1.000000,5.000000,-1.000000,-1.000000,-1.000000,-1.000000,-1.000000,-1.000000,-1.000000,-2937.839044,0.005113,0.035840,0.000000,-0.190910,-0.035130,-0.155780,-0.317242,0.655216,0.192530,-0.551364,0.030330,-0.561558,-0.232784,-2937.840142,0.005075,0.038235,0.000000,-0.188690,-0.030850,-0.157840,-0.333542,0.634419,0.221125,-0.547598,0.026551,-0.562980,-0.239953,-2937.840429,0.005083,0.036963,0.000000,-0.188942,-0.031981,-0.156961,-0.327749,0.645432,0.219192,-0.547691,0.026233,-0.563875,-0.239287,-157.636867,0.000887,2.119925,-6.7544,-8.8743,-0.424693,0.107632,0.116842,-0.412490,0.080716,-0.073925,-0.043385,-157.636546,0.000513,2.070281,-6.7703,-8.8405,-0.424376,0.108621,0.110779,-0.414627,0.080475,-0.074054,-0.043694,-157.636922,0.019188,2.119918,-6.7543,-8.8743,-0.424694,0.107637,0.116842,-0.412494,0.080716,-0.073920,-0.043387,-157.636546,0.019602,2.070301,-6.7702,-8.8405,-0.424377,0.108627,0.110779,-0.414632,0.080475,-0.074046,-0.043695
Xu13-7a-2a-major,-2958.479929,0.000004,0.000062,0.000000,-0.188598,-0.029410,-0.159188,-0.193661,0.598069,0.246944,-0.581822,0.025909,-0.561088,-0.271760,-2958.479929,0.000032,0.000391,0.000000,-0.188598,-0.029410,-0.159188,-0.193662,0.598069,0.246944,-0.581821,0.025908,-0.561088,-0.271760,-155.550166,0.000002,0.000019,0.000000,1.000000,6.000000,-5.000000,-1.000000,-1.000000,-1.000000,-1.000000,-1.000000,-1.000000,-1.000000,-2958.459688,0.005535,0.046058,0.000000,-0.188049,-0.031193,-0.156856,-0.306923,0.591029,0.217084,-0.562186,0.015846,-0.551268,-0.274018,-2958.463005,0.005435,0.046083,0.000000,-0.190212,-0.032206,-0.158006,-0.261398,0.596930,0.229325,-0.567218,0.020192,-0.560194,-0.274589,-2958.459786,0.005545,0.046703,0.000000,-0.188203,-0.031295,-0.156908,-0.309803,0.591282,0.218574,-0.562348,0.016692,-0.551511,-0.274173,-155.550177,0.000528,2.134313,-6.8040,-8.9383,-0.473732,0.094407,0.125624,-0.420699,0.073985,-0.072269,-0.051436,-155.546723,0.000396,2.164049,-6.8199,-8.9840,-0.455864,0.098876,0.124715,-0.421911,0.072273,-0.074540,-0.051656,-155.550220,0.016720,2.134281,-6.8040,-8.9383,-0.473739,0.094403,0.125625,-0.420701,0.073996,-0.072274,-0.051433,-155.546723,0.020270,2.164014,-6.8200,-8.9840,-0.455871,0.098876,0.124716,-0.421913,0.072284,-0.074544,-0.051656
Xu13-7a-2a-minor,-2958.476778,0.000001,0.000014,0.000000,-0.188667,-0.029180,-0.159487,-0.284025,0.647037,0.257663,-0.557746,0.028638,-0.569708,-0.270310,-2958.476778,0.000148,0.001339,0.000000,-0.188667,-0.029180,-0.159487,-0.284023,0.647036,0.257663,-0.557744,0.028638,-0.569708,-0.270310,-155.543495,0.000004,0.000033,0.000000,1.000000,6.000000,-5.000000,-1.000000,-1.000000,-1.000000,-1.000000,-1.000000,-1.000000,-1.000000,-2958.457665,0.005167,0.037775,0.000000,-0.189519,-0.031420,-0.158099,-0.339841,0.629916,0.217274,-0.543107,0.025911,-0.564745,-0.271826,-2958.458113,0.005175,0.038540,0.000000,-0.189731,-0.031096,-0.158635,-0.346039,0.640274,0.220536,-0.543935,0.026655,-0.561108,-0.272131,-2958.457762,0.005188,0.038075,0.000000,-0.189510,-0.031149,-0.158361,-0.345263,0.633846,0.217438,-0.543424,0.026558,-0.564809,-0.272298,-155.543482,0.000960,2.088436,-6.8680,-8.9564,-0.433840,0.109594,0.111954,-0.414714,0.080098,-0.073940,-0.051564,-155.543305,0.000457,2.085878,-6.8643,-8.9502,-0.429368,0.109468,0.112491,-0.414140,0.080389,-0.074764,-0.051558,-155.543528,0.017367,2.088440,-6.8679,-8.9564,-0.433841,0.109599,0.111954,-0.414718,0.080098,-0.073935,-0.051565,-155.543305,0.018489,2.085886,-6.8643,-8.9502,-0.429370,0.109472,0.112492,-0.414145,0.080389,-0.074758,-0.051556
Xu14-7a-2a-major,-2898.606796,0.000001,0.000006,0.000000,-0.187472,-0.028088,-0.159384,-0.191757,0.596107,0.246578,-0.579744,0.025796,-0.561813,-0.512913,-2898.606796,0.000031,0.000339,0.000000,-0.187472,-0.028088,-0.159384,-0.191758,0.596107,0.246577,-0.579745,0.025795,-0.561813,-0.512913,-154.491160,0.000000,0.000003,0.000000,1.000000,1.000000,0.000000,-1.000000,-1.000000,-1.000000,-1.000000,-1.000000,-1.000000,-1.000000,-2898.586240,0.005451,0.045750,0.000000,-0.186601,-0.029545,-0.157056,-0.309852,0.590735,0.218754,-0.559665,0.015919,-0.551460,-0.519057,-2898.589590,0.005359,0.046018,0.000000,-0.189180,-0.030761,-0.158419,-0.264240,0.596478,0.231048,-0.565255,0.020170,-0.560631,-0.519244,-2898.586399,0.005451,0.046386,0.000000,-0.186704,-0.029661,-0.157044,-0.313476,0.590792,0.220889,-0.560044,0.016511,-0.551589,-0.519080,-154.491151,0.000441,2.155771,-6.6599,-8.8157,-0.471942,0.094692,0.119335,-0.418134,0.073831,-0.072327,-0.278003,-154.487594,0.000572,2.182434,-6.6827,-8.8651,-0.454801,0.099246,0.119439,-0.419266,0.072195,-0.074347,-0.278300,-154.491194,0.016745,2.155735,-6.6599,-8.8156,-0.471945,0.094687,0.119335,-0.418135,0.073842,-0.072331,-0.278002,-154.487594,0.020349,2.182401,-6.6827,-8.8651,-0.454802,0.099245,0.119439,-0.419268,0.072206,-0.074351,-0.278300
Xu14-7a-2a-minor,-2898.603729,0.000001,0.000004,0.000000,-0.187695,-0.027955,-0.159739,-0.283898,0.649742,0.257288,-0.558502,0.028793,-0.570337,-0.512742,-2898.603729,0.000158,0.001490,0.000000,-0.187695,-0.027955,-0.159740,-0.283897,0.649741,0.257288,-0.558502,0.028793,-0.570336,-0.512742,-154.484308,0.000001,0.000014,0.000000,1.000000,1.000000,0.000000,-1.000000,-1.000000,-1.000000,-1.000000,-1.000000,-1.000000,-1.000000,-2898.584316,0.005094,0.037431,0.000000,-0.188474,-0.030080,-0.158394,-0.342340,0.630443,0.217162,-0.542894,0.025745,-0.564770,-0.519142,-2898.584777,0.005100,0.038190,0.000000,-0.188682,-0.029711,-0.158971,-0.345002,0.639414,0.219563,-0.544300,0.026657,-0.561505,-0.519084,-2898.584597,0.005099,0.037614,0.000000,-0.188583,-0.029941,-0.158642,-0.342095,0.633482,0.216676,-0.543743,0.026575,-0.564894,-0.519082,-154.484306,0.000333,2.120805,-6.7197,-8.8405,-0.432128,0.109482,0.107602,-0.415080,0.079983,-0.073776,-0.277732,-154.484131,0.000485,2.115143,-6.7187,-8.8339,-0.428281,0.109527,0.107972,-0.414759,0.080340,-0.074606,-0.277716,-154.484354,0.017692,2.120807,-6.7197,-8.8405,-0.432129,0.109487,0.107601,-0.415085,0.079983,-0.073772,-0.277734,-154.484131,0.018541,2.115158,-6.7187,-8.8338,-0.428280,0.109532,0.107971,-0.414762,0.080338,-0.074601,-0.277718
Xu15-7a-2a-major,-2898.600505,0.000002,0.000011,0.000000,-0.189432,-0.027280,-0.162153,-0.322585,0.686035,0.242538,-0.558736,0.029464,-0.558189,-0.235590,-2898.600505,0.000212,0.002136,0.000000,-0.189432,-0.027280,-0.162153,-0.322587,0.686035,0.242538,-0.558736,0.029464,-0.558190,-0.235589,-154.483586,0.000001,0.000009,0.000000,1.000000,1.000000,0.000000,-1.000000,-1.000000,-1.000000,-1.000000,-1.000000,-1.000000,-1.000000,-2898.575929,0.005482,0.040527,0.000000,-0.188963,-0.029272,-0.159691,-0.303779,0.603533,0.178854,-0.555872,0.015727,-0.548879,-0.241964,-2898.580155,0.005341,0.043861,0.000000,-0.189027,-0.031556,-0.157471,-0.244353,0.593455,0.218233,-0.564314,0.019950,-0.560379,-0.240538,-2898.576021,0.005441,0.043350,0.000000,-0.187449,-0.030019,-0.157429,-0.295440,0.590126,0.192205,-0.558116,0.016289,-0.549532,-0.240759,-154.483318,0.000262,2.161663,-6.6675,-8.8292,-0.474289,0.089123,0.122821,-0.413011,0.074188,-0.072418,-0.043101,-154.479446,0.000496,2.182452,-6.7034,-8.8859,-0.454629,0.096781,0.118984,-0.415400,0.072288,-0.074502,-0.043272,-154.483363,0.017484,2.161638,-6.6675,-8.8292,-0.474289,0.089126,0.122820,-0.413013,0.074185,-0.072412,-0.043103,-154.479446,0.020811,2.182444,-6.7034,-8.8858,-0.454628,0.096784,0.118983,-0.415403,0.072288,-0.074498,-0.043275
Xu15-7a-2a-minor,-2898.596804,0.000002,0.000011,0.000000,-0.188036,-0.028879,-0.159157,-0.277270,0.671888,0.249343,-0.561638,0.033503,-0.570891,-0.233177,-2898.596804,0.000208,0.002591,0.000000,-0.188036,-0.028879,-0.159156,-0.277270,0.671888,0.249343,-0.561638,0.033502,-0.570891,-0.233177,-154.476540,0.000002,0.000019,0.000000,1.000000,1.000000,0.000000,-1.000000,-1.000000,-1.000000,-1.000000,-1.000000,-1.000000,-1.000000,-2898.571526,0.005086,0.038140,0.000000,-0.189108,-0.033280,-0.155827,-0.302980,0.595378,0.227900,-0.546745,0.026407,-0.559385,-0.231834,-2898.574702,0.005087,0.038306,0.000000,-0.188749,-0.030771,-0.157977,-0.335426,0.636262,0.221001,-0.547374,0.026622,-0.562721,-0.239182,-2898.575004,0.005087,0.037452,0.000000,-0.188638,-0.031337,-0.157302,-0.334823,0.641161,0.221059,-0.546279,0.025979,-0.563623,-0.238612,-154.475532,0.000611,2.110078,-6.7611,-8.8712,-0.426384,0.107866,0.113672,-0.413420,0.080659,-0.073858,-0.041540,-154.475278,0.000492,2.077803,-6.7699,-8.8477,-0.425102,0.108663,0.110526,-0.414698,0.080533,-0.074180,-0.041673,-154.475585,0.018596,2.110086,-6.7611,-8.8712,-0.426383,0.107870,0.113672,-0.413419,0.080657,-0.073855,-0.041540,-154.475278,0.019499,2.077821,-6.7699,-8.8477,-0.425102,0.108670,0.110526,-0.414706,0.080536,-0.074172,-0.041674
Xu16-7a-2a-major,-2937.870891,0.000001,0.000011,0.000000,-0.189184,-0.026905,-0.162280,-0.323164,0.686565,0.243312,-0.558208,0.029527,-0.558139,0.086618,-2937.870891,0.000218,0.002279,0.000000,-0.189185,-0.026905,-0.162280,-0.323164,0.686566,0.243312,-0.558208,0.029527,-0.558139,0.086618,-157.651185,0.000001,0.000006,0.000000,6.000000,1.000000,5.000000,-1.000000,-1.000000,-1.000000,-1.000000,-1.000000,-1.000000,-1.000000,-2937.845819,0.005411,0.040993,0.000000,-0.188134,-0.029396,-0.158739,-0.296901,0.592303,0.190443,-0.556042,0.014944,-0.550284,0.083754,-2937.849740,0.005298,0.043143,0.000000,-0.188820,-0.031011,-0.157810,-0.243289,0.590011,0.217568,-0.563125,0.019982,-0.559895,0.084495,-2937.845766,0.005400,0.042918,0.000000,-0.187047,-0.029779,-0.157268,-0.296427,0.586980,0.197203,-0.557388,0.016143,-0.550110,0.083808,-157.651130,0.000548,2.142056,-6.6612,-8.8033,-0.472630,0.089822,0.120950,-0.413059,0.074005,-0.072598,0.002993,-157.647424,0.000484,2.167717,-6.6876,-8.8553,-0.452804,0.095903,0.117961,-0.414754,0.072178,-0.074849,0.002743,-157.651175,0.017453,2.142043,-6.6612,-8.8033,-0.472630,0.089825,0.120949,-0.413063,0.074003,-0.072591,0.002992,-157.647424,0.020743,2.167706,-6.6876,-8.8553,-0.452803,0.095905,0.117961,-0.414758,0.072178,-0.074844,0.002739
Xu16-7a-2a-minor,-2937.866556,0.000001,0.000008,0.000000,-0.188050,-0.029212,-0.158838,-0.249217,0.665640,0.246017,-0.561465,0.035636,-0.574609,0.097412,-2937.866556,0.000264,0.003330,0.000000,-0.188050,-0.029212,-0.158838,-0.249216,0.665639,0.246017,-0.561463,0.035636,-0.574609,0.097411,-157.645514,0.000001,0.000008,0.000000,6.000000,1.000000,5.000000,-1.000000,-1.000000,-1.000000,-1.000000,-1.000000,-1.000000,-1.000000,-2937.842726,0.005085,0.037221,0.000000,-0.190897,-0.035015,-0.155882,-0.322916,0.664769,0.202430,-0.551213,0.030320,-0.563360,0.100406,-2937.843248,0.005061,0.038037,0.000000,-0.188500,-0.030776,-0.157725,-0.332059,0.634577,0.221540,-0.547540,0.026512,-0.563006,0.085386,-2937.842309,0.005088,0.037774,0.000000,-0.190772,-0.035149,-0.155623,-0.321925,0.661055,0.199214,-0.550118,0.030702,-0.563338,0.100675,-157.645556,0.000758,2.182632,-6.6989,-8.8815,-0.439699,0.102656,0.133975,-0.408121,0.081329,-0.072689,0.006308,-157.642412,0.000746,2.079281,-6.7455,-8.8247,-0.423900,0.108421,0.111190,-0.414395,0.080458,-0.073951,0.005315,-157.645631,0.022815,2.182553,-6.6989,-8.8815,-0.439699,0.102653,0.133978,-0.408122,0.081348,-0.072699,0.006302,-157.642412,0.019675,2.079303,-6.7454,-8.8247,-0.423900,0.108426,0.111189,-0.414401,0.080458,-0.073944,0.005315
Xu17-7a-2a-major,-2937.875191,0.000001,0.000010,0.000000,-0.189772,-0.027455,-0.162317,-0.309903,0.692113,0.247115,-0.569886,0.027949,-0.558075,-0.234267,-2937.875191,0.000221,0.001946,0.000000,-0.189772,-0.027455,-0.162317,-0.309903,0.692114,0.247115,-0.569886,0.027949,-0.558075,-0.234266,-157.655604,0.000001,0.000012,0.000000,6.000000,1.000000,5.000000,-1.000000,-1.000000,-1.000000,-1.000000,-1.000000,-1.000000,-1.000000,-2937.849248,0.005431,0.039795,0.000000,-0.188962,-0.028604,-0.160358,-0.306064,0.606670,0.173137,-0.555453,0.015394,-0.547786,-0.242558,-2937.853652,0.005265,0.043118,0.000000,-0.188823,-0.031213,-0.157610,-0.247147,0.592794,0.218499,-0.562694,0.019148,-0.559912,-0.241233,-2937.849812,0.005370,0.043152,0.000000,-0.187180,-0.029479,-0.157700,-0.298525,0.592302,0.190525,-0.557393,0.016775,-0.549296,-0.242093,-157.655192,0.000684,2.181004,-6.6434,-8.8244,-0.472737,0.090210,0.120876,-0.413400,0.074221,-0.072618,-0.044991,-157.651094,0.000454,2.195446,-6.6809,-8.8763,-0.454081,0.096743,0.117634,-0.415182,0.071738,-0.074431,-0.045211,-157.655235,0.017225,2.180955,-6.6434,-8.8244,-0.472743,0.090203,0.120877,-0.413400,0.074234,-0.072626,-0.044985,-157.651094,0.020904,2.195436,-6.6809,-8.8763,-0.454080,0.096746,0.117634,-0.415183,0.071738,-0.074428,-0.045215
Xu17-7a-2a-minor,-2937.870502,0.000002,0.000013,0.000000,-0.188271,-0.029236,-0.159035,-0.272674,0.666845,0.251866,-0.561216,0.031688,-0.572428,-0.232481,-2937.870502,0.000228,0.002570,0.000000,-0.188271,-0.029236,-0.159035,-0.272673,0.666845,0.251866,-0.561217,0.031687,-0.572427,-0.232481,-157.648799,0.000002,0.000016,0.000000,6.000000,1.000000,5.000000,-1.000000,-1.000000,-1.000000,-1.000000,-1.000000,-1.000000,-1.000000,-2937.845396,0.005008,0.037370,0.000000,-0.189179,-0.033272,-0.155908,-0.305623,0.600028,0.226146,-0.547823,0.026889,-0.558933,-0.231513,-2937.848315,0.004998,0.037487,0.000000,-0.188553,-0.030666,-0.157887,-0.330899,0.633363,0.220399,-0.547217,0.026583,-0.562871,-0.239149,-2937.848186,0.005006,0.036476,0.000000,-0.188765,-0.031789,-0.156976,-0.321909,0.638160,0.219942,-0.546645,0.026478,-0.564083,-0.237337,-157.647950,0.000687,2.131073,-6.7268,-8.8579,-0.426682,0.106946,0.115062,-0.412441,0.080154,-0.074221,-0.043479,-157.647583,0.000579,2.090437,-6.7415,-8.8319,-0.424662,0.108825,0.109737,-0.414759,0.080310,-0.074265,-0.043658,-157.648006,0.019276,2.131077,-6.7267,-8.8578,-0.426683,0.106950,0.115062,-0.412444,0.080155,-0.074220,-0.043479,-157.647583,0.019621,2.090456,-6.7414,-8.8319,-0.424662,0.108830,0.109736,-0.414766,0.080311,-0.074257,-0.043659
Xu18-7a-2a-major,-2977.142318,0.000001,0.000011,0.000000,-0.189571,-0.027422,-0.162149,-0.356625,0.672541,0.239891,-0.555300,0.030307,-0.554960,-0.512922,-2977.142318,0.000247,0.002615,0.000000,-0.189571,-0.027422,-0.162149,-0.356625,0.672541,0.239891,-0.555301,0.030307,-0.554960,-0.512922,-160.823877,0.000005,0.000056,0.000000,6.000000,6.000000,0.000000,-1.000000,-1.000000,-1.000000,-1.000000,-1.000000,-1.000000,-1.000000,-2977.116285,0.005334,0.040194,0.000000,-0.188736,-0.027607,-0.161130,-0.348350,0.607552,0.188262,-0.564006,0.011551,-0.534593,-0.519162,-2977.117884,0.005178,0.043976,0.000000,-0.188850,-0.032756,-0.156094,-0.235674,0.604950,0.227904,-0.572365,0.020300,-0.564651,-0.519330,-2977.116388,0.005328,0.040164,0.000000,-0.188416,-0.027520,-0.160895,-0.345645,0.606083,0.187992,-0.564191,0.012385,-0.535089,-0.519098,-160.823877,0.000962,2.234015,-6.5803,-8.8143,-0.460135,0.085529,0.112256,-0.414605,0.079796,-0.074222,-0.277593,-160.813717,0.000548,2.234894,-6.7018,-8.9366,-0.442274,0.105932,0.101808,-0.415917,0.071833,-0.074596,-0.278370,-160.823928,0.019604,2.233977,-6.5803,-8.8143,-0.460137,0.085521,0.112260,-0.414607,0.079807,-0.074229,-0.277592,-160.813717,0.022026,2.234892,-6.7017,-8.9366,-0.442274,0.105934,0.101808,-0.415921,0.071832,-0.074591,-0.278371
Xu18-7a-2a-minor,-2977.139660,0.000004,0.000032,0.000000,-0.188550,-0.030449,-0.158101,-0.260293,0.638849,0.241924,-0.558460,0.032974,-0.578669,-0.512148,-2977.139660,0.000317,0.003512,0.000000,-0.188550,-0.030449,-0.158101,-0.260293,0.638848,0.241924,-0.558460,0.032974,-0.578669,-0.512148,-160.818752,0.000000,0.000003,0.000000,6.000000,6.000000,0.000000,-1.000000,-1.000000,-1.000000,-1.000000,-1.000000,-1.000000,-1.000000,-2977.114854,0.004879,0.032931,0.000000,-0.191681,-0.034447,-0.157235,-0.341278,0.642749,0.217785,-0.553975,0.028515,-0.556566,-0.518787,-2977.108988,0.005020,0.035309,0.000000,-0.192172,-0.035221,-0.156951,-0.273193,0.611657,0.214548,-0.566511,0.025066,-0.565249,-0.519063,-2977.115432,0.004894,0.033276,0.000000,-0.191921,-0.034815,-0.157106,-0.343181,0.644738,0.222033,-0.552813,0.030398,-0.560494,-0.518698,-160.818727,0.000491,2.190210,-6.7095,-8.8997,-0.449376,0.103415,0.121618,-0.415235,0.079663,-0.073307,-0.277092,-160.809001,0.000823,2.118393,-6.7162,-8.8346,-0.421832,0.104906,0.112880,-0.419944,0.080578,-0.069342,-0.277584,-160.818806,0.023483,2.190205,-6.7095,-8.8997,-0.449370,0.103421,0.121619,-0.415243,0.079666,-0.073301,-0.277094,-160.809001,0.035301,2.118401,-6.7162,-8.8346,-0.421831,0.104911,0.112880,-0.419953,0.080583,-0.069333,-0.277586
Xu19-7a-2a-major,-3624.605222,0.000002,0.000014,0.000000,-0.188791,-0.035978,-0.152813,-0.213146,0.615082,0.247457,-0.568287,0.023673,-0.560970,0.187240,-3624.605222,0.000096,0.001121,0.000000,-0.188791,-0.035978,-0.152813,-0.213146,0.615082,0.247457,-0.568287,0.023673,-0.560969,0.187240,-199.720387,0.000001,0.000005,0.000000,1.000000,6.000000,-5.000000,-1.000000,-1.000000,-1.000000,-1.000000,-1.000000,-1.000000,-1.000000,-3624.583398,0.005175,0.046658,0.000000,-0.188497,-0.033469,-0.155027,-0.330103,0.602010,0.231856,-0.550199,0.018410,-0.550495,0.188460,-3624.581276,0.005223,0.049715,0.000000,-0.188594,-0.037247,-0.151347,-0.342718,0.600368,0.248149,-0.556118,0.016321,-0.557098,0.186573,-3624.583421,0.005175,0.047067,0.000000,-0.188354,-0.033659,-0.154695,-0.330286,0.599593,0.232670,-0.550381,0.018864,-0.550443,0.188196,-199.720378,0.000569,1.620236,-7.3895,-9.0097,-0.463672,0.108632,0.110914,-0.413411,0.075147,-0.072446,0.040201,-199.715870,0.000700,1.655607,-7.4272,-9.0828,-0.463122,0.117623,0.109544,-0.424427,0.070051,-0.070304,0.040473,-199.720416,0.015993,1.620142,-7.3896,-9.0097,-0.463680,0.108624,0.110915,-0.413409,0.075158,-0.072451,0.040200,-199.715870,0.023061,1.655577,-7.4273,-9.0828,-0.463115,0.117618,0.109544,-0.424425,0.070054,-0.070307,0.040472
Xu19-7a-2a-minor,-3624.602427,0.000002,0.000014,0.000000,-0.189593,-0.040294,-0.149299,-0.265949,0.650282,0.258920,-0.559328,0.030017,-0.570446,0.186677,-3624.602427,0.000167,0.001791,0.000000,-0.189593,-0.040294,-0.149299,-0.265950,0.650282,0.258920,-0.559328,0.030017,-0.570446,0.186676,-199.714456,0.000002,0.000015,0.000000,1.000000,6.000000,-5.000000,-1.000000,-1.000000,-1.000000,-1.000000,-1.000000,-1.000000,-1.000000,-3624.580161,0.004810,0.037060,0.000000,-0.189646,-0.038446,-0.151200,-0.322732,0.612393,0.213286,-0.540936,0.024568,-0.567950,0.191091,-3624.579873,0.004852,0.038851,0.000000,-0.190826,-0.037521,-0.153304,-0.310666,0.630501,0.225112,-0.548142,0.027294,-0.563081,0.186845,-3624.580210,0.004824,0.037164,0.000000,-0.189586,-0.038015,-0.151572,-0.316667,0.611457,0.213336,-0.541612,0.025657,-0.568375,0.190406,-199.714293,0.000557,1.541427,-7.5061,-9.0475,-0.437210,0.119351,0.102492,-0.414754,0.077711,-0.072645,0.028747,-199.711743,0.000646,1.501958,-7.5223,-9.0242,-0.419578,0.124948,0.104072,-0.415878,0.080835,-0.075785,0.029114,-199.714337,0.017148,1.541447,-7.5061,-9.0475,-0.437218,0.119358,0.102495,-0.414757,0.077709,-0.072638,0.028748,-199.711743,0.021743,1.501832,-7.5224,-9.0242,-0.419583,0.124954,0.104072,-0.415878,0.080850,-0.075797,0.029113
Xu20-7a-2a-major,-3202.526759,0.000001,0.000009,0.000000,-0.187164,-0.027078,-0.160086,-0.196477,0.607734,0.249232,-0.581424,0.026516,-0.563243,0.341833,-3202.526759,0.000098,0.001005,0.000000,-0.187165,-0.027078,-0.160086,-0.196478,0.607735,0.249232,-0.581424,0.026515,-0.563243,0.341834,-173.006058,0.000002,0.000021,0.000000,1.000000,6.000000,-5.000000,-1.000000,-1.000000,-1.000000,-1.000000,-1.000000,-1.000000,-1.000000,-3202.504560,0.005493,0.047382,0.000000,-0.185840,-0.028844,-0.156996,-0.308212,0.590545,0.221434,-0.561915,0.016567,-0.551590,0.345937,-3202.508319,0.005389,0.047689,0.000000,-0.188381,-0.030656,-0.157725,-0.256970,0.600517,0.234064,-0.569157,0.020875,-0.563436,0.345792,-3202.504801,0.005493,0.048059,0.000000,-0.185753,-0.028705,-0.157047,-0.311030,0.590909,0.221842,-0.562538,0.017808,-0.551590,0.345867,-173.006043,0.000628,2.092181,-6.6740,-8.7662,-0.471809,0.096452,0.122924,-0.415937,0.073962,-0.072513,0.118163,-173.002064,0.000842,2.128156,-6.7122,-8.8404,-0.452808,0.104129,0.122228,-0.417251,0.072685,-0.074345,0.118260,-173.006088,0.017724,2.092144,-6.6740,-8.7662,-0.471812,0.096448,0.122927,-0.415937,0.073974,-0.072522,0.118170,-173.002064,0.021050,2.128132,-6.7122,-8.8404,-0.452807,0.104129,0.122231,-0.417254,0.072700,-0.074353,0.118266
Xu20-7a-2a-minor,-3202.525064,0.000003,0.000029,0.000000,-0.186957,-0.026223,-0.160734,-0.283012,0.670092,0.256641,-0.562494,0.033097,-0.571455,0.350418,-3202.525064,0.000278,0.003331,0.000000,-0.186957,-0.026223,-0.160734,-0.283012,0.670092,0.256641,-0.562493,0.033097,-0.571456,0.350418,-172.998786,0.000003,0.000024,0.000000,1.000000,6.000000,-5.000000,-1.000000,-1.000000,-1.000000,-1.000000,-1.000000,-1.000000,-1.000000,-3202.502925,0.005173,0.038793,0.000000,-0.188266,-0.029136,-0.159130,-0.354547,0.638319,0.219607,-0.544196,0.025948,-0.563184,0.353331,-3202.503083,0.005196,0.039346,0.000000,-0.188327,-0.029455,-0.158873,-0.349640,0.643373,0.222232,-0.544640,0.027304,-0.562043,0.352582,-3202.503177,0.005182,0.038694,0.000000,-0.188243,-0.029202,-0.159041,-0.355971,0.640383,0.220830,-0.544119,0.026284,-0.563683,0.352847,-172.998782,0.000537,2.053997,-6.7617,-8.8157,-0.428981,0.110620,0.114384,-0.413887,0.081154,-0.073954,0.118177,-172.998618,0.000309,2.050428,-6.7607,-8.8111,-0.426754,0.111165,0.113890,-0.413264,0.080980,-0.075009,0.118262,-172.998830,0.017927,2.053916,-6.7618,-8.8157,-0.428983,0.110624,0.114387,-0.413887,0.081165,-0.073962,0.118182,-172.998618,0.018758,2.050343,-6.7608,-8.8111,-0.426756,0.111168,0.113893,-0.413264,0.080991,-0.075014,0.118267
Xu21-7a-2a-major,-3172.300554,0.000001,0.000005,0.000000,-0.187609,-0.026961,-0.160649,-0.209078,0.610645,0.241999,-0.566719,0.023350,-0.562075,-0.239923,-3172.300554,0.000101,0.001425,0.000000,-0.187609,-0.026961,-0.160649,-0.209078,0.610646,0.241999,-0.566719,0.023350,-0.562075,-0.239923,-175.648085,0.000003,0.000027,0.000000,1.000000,1.000000,0.000000,-1.000000,-1.000000,-1.000000,-1.000000,-1.000000,-1.000000,-1.000000,-3172.279217,0.005189,0.045156,0.000000,-0.186164,-0.028408,-0.157757,-0.325615,0.597730,0.221463,-0.551305,0.015727,-0.549968,-0.245649,-3172.281174,0.005145,0.047099,0.000000,-0.188727,-0.031514,-0.157214,-0.299682,0.599663,0.239406,-0.557569,0.015023,-0.557656,-0.244534,-3172.279294,0.005201,0.046265,0.000000,-0.186180,-0.028706,-0.157474,-0.327382,0.597868,0.220857,-0.552682,0.016620,-0.550027,-0.244241,-175.647962,0.000721,2.194579,-6.6348,-8.8293,-0.470456,0.096470,0.114076,-0.418087,0.074276,-0.072717,-0.041066,-175.643097,0.000488,2.217818,-6.6834,-8.9012,-0.456719,0.103937,0.112343,-0.423842,0.070484,-0.072870,-0.041198,-175.647998,0.015399,2.194541,-6.6348,-8.8293,-0.470459,0.096462,0.114075,-0.418084,0.074287,-0.072721,-0.041063,-175.643097,0.018788,2.217798,-6.6834,-8.9012,-0.456720,0.103933,0.112343,-0.423843,0.070494,-0.072875,-0.041197
Xu21-7a-2a-minor,-3172.297601,0.000002,0.000026,0.000000,-0.187434,-0.028450,-0.158984,-0.263178,0.636477,0.248194,-0.555608,0.029264,-0.567548,-0.239500,-3172.297601,0.000093,0.000980,0.000000,-0.187434,-0.028450,-0.158984,-0.263180,0.636477,0.248194,-0.555608,0.029264,-0.567549,-0.239500,-175.644995,0.000003,0.000025,0.000000,1.000000,1.000000,0.000000,-1.000000,-1.000000,-1.000000,-1.000000,-1.000000,-1.000000,-1.000000,-3172.273330,0.004851,0.037074,0.000000,-0.188219,-0.035089,-0.153129,-0.316376,0.592147,0.208042,-0.544041,0.025954,-0.564027,-0.236720,-3172.274919,0.004872,0.038734,0.000000,-0.188014,-0.030075,-0.157939,-0.316675,0.628292,0.220776,-0.548806,0.027584,-0.564496,-0.242349,-3172.276958,0.004832,0.036046,0.000000,-0.187902,-0.030877,-0.157025,-0.321769,0.611926,0.211788,-0.541803,0.025588,-0.568388,-0.241757,-175.642271,0.000352,2.135033,-6.6989,-8.8339,-0.440451,0.108012,0.099844,-0.415260,0.076992,-0.072566,-0.040784,-175.639292,0.000968,2.120165,-6.6975,-8.8176,-0.423821,0.115450,0.095669,-0.416295,0.080528,-0.075363,-0.040963,-175.642314,0.016836,2.135042,-6.6989,-8.8339,-0.440450,0.108017,0.099844,-0.415264,0.076988,-0.072559,-0.040785,-175.639292,0.021101,2.120169,-6.6974,-8.8176,-0.423821,0.115455,0.095669,-0.416297,0.080528,-0.075358,-0.040963
Xu22-7a-2a-major,-3397.093145,0.000002,0.000025,0.000000,-0.187806,-0.027893,-0.159913,-0.193191,0.606284,0.244022,-0.580391,0.025793,-0.563051,-0.245987,-3397.093145,0.000058,0.000568,0.000000,-0.187806,-0.027893,-0.159913,-0.193190,0.606284,0.244023,-0.580390,0.025792,-0.563051,-0.245986,-185.425238,0.000002,0.000012,0.000000,6.000000,1.000000,5.000000,-1.000000,-1.000000,-1.000000,-1.000000,-1.000000,-1.000000,-1.000000,-3397.070865,0.005097,0.046034,0.000000,-0.186933,-0.029453,-0.157480,-0.303478,0.593058,0.211118,-0.562508,0.015223,-0.552001,-0.249769,-3397.074477,0.004988,0.046634,0.000000,-0.189136,-0.031231,-0.157906,-0.262842,0.600927,0.226475,-0.568590,0.019978,-0.561444,-0.249543,-3397.070883,0.005105,0.046562,0.000000,-0.187168,-0.029597,-0.157571,-0.305638,0.594430,0.209734,-0.563311,0.016265,-0.551961,-0.250180,-185.425178,0.000370,2.156682,-6.6908,-8.8474,-0.473119,0.094469,0.121212,-0.419242,0.073850,-0.072117,-0.040723,-185.421407,0.000774,2.188382,-6.7197,-8.9081,-0.454482,0.100848,0.118452,-0.421395,0.072234,-0.073850,-0.040812,-185.425222,0.016957,2.156676,-6.6907,-8.8474,-0.473128,0.094461,0.121212,-0.419245,0.073855,-0.072117,-0.040713,-185.421407,0.020787,2.188381,-6.7197,-8.9081,-0.454484,0.100844,0.118451,-0.421397,0.072245,-0.073853,-0.040803
Xu22-7a-2a-minor,-3397.088879,0.000001,0.000010,0.000000,-0.187719,-0.028249,-0.159470,-0.282071,0.653799,0.254859,-0.559618,0.028466,-0.568537,-0.241270,-3397.088879,0.000096,0.001154,0.000000,-0.187719,-0.028249,-0.159470,-0.282069,0.653799,0.254859,-0.559620,0.028466,-0.568538,-0.241270,-185.416838,0.000002,0.000014,0.000000,6.000000,1.000000,5.000000,-1.000000,-1.000000,-1.000000,-1.000000,-1.000000,-1.000000,-1.000000,-3397.067508,0.004791,0.037860,0.000000,-0.188355,-0.030508,-0.157846,-0.337359,0.630237,0.218024,-0.544182,0.025560,-0.564751,-0.243757,-3397.067114,0.004802,0.039016,0.000000,-0.188511,-0.030137,-0.158374,-0.334318,0.637897,0.218419,-0.546350,0.027084,-0.563581,-0.245429,-3397.067842,0.004791,0.037574,0.000000,-0.188413,-0.030342,-0.158071,-0.340505,0.632472,0.218006,-0.544001,0.026062,-0.564756,-0.244102,-185.416868,0.000454,2.116159,-6.7422,-8.8583,-0.432200,0.106665,0.108090,-0.414208,0.079598,-0.073586,-0.040249,-185.415949,0.000336,2.114359,-6.7437,-8.8581,-0.426717,0.110752,0.107393,-0.414653,0.080657,-0.074487,-0.040559,-185.416919,0.018348,2.116109,-6.7422,-8.8583,-0.432196,0.106668,0.108090,-0.414209,0.079600,-0.073586,-0.040248,-185.415949,0.019796,2.114322,-6.7437,-8.8580,-0.426716,0.110756,0.107393,-0.414655,0.080660,-0.074486,-0.040558
Xu23-7a-2a-major,-3480.816463,0.000002,0.000022,0.000000,-0.187874,-0.024463,-0.163412,-0.248240,0.628919,0.240775,-0.568466,0.023349,-0.559683,0.132116,-3480.816463,0.000084,0.000972,0.000000,-0.187874,-0.024463,-0.163412,-0.248241,0.628918,0.240775,-0.568467,0.023350,-0.559682,0.132116,-197.432839,0.000002,0.000013,0.000000,1.000000,1.000000,0.000000,-1.000000,-1.000000,-1.000000,-1.000000,-1.000000,-1.000000,-1.000000,-3480.792155,0.005159,0.043514,0.000000,-0.185305,-0.025076,-0.160229,-0.357006,0.624567,0.233949,-0.550460,0.018592,-0.549544,0.139340,-3480.794624,0.005090,0.047511,0.000000,-0.187885,-0.030790,-0.157095,-0.335056,0.629626,0.256856,-0.558412,0.014728,-0.558564,0.120782,-3480.793447,0.005136,0.046467,0.000000,-0.183915,-0.025730,-0.158185,-0.364729,0.622264,0.235429,-0.551035,0.019119,-0.548557,0.140167,-197.432783,0.000985,2.136114,-6.5615,-8.6976,-0.474730,0.115900,0.113638,-0.416867,0.074509,-0.073653,-0.015896,-197.424794,0.000639,2.175851,-6.6455,-8.8214,-0.459385,0.132134,0.112880,-0.424968,0.069262,-0.073045,-0.015678,-197.432818,0.015232,2.136049,-6.5616,-8.6976,-0.474741,0.115893,0.113641,-0.416861,0.074521,-0.073663,-0.015903,-197.424794,0.020219,2.175828,-6.6455,-8.8214,-0.459388,0.132134,0.112881,-0.424965,0.069272,-0.073053,-0.015687
Xu23-7a-2a-minor,-3480.819978,0.000001,0.000009,0.000000,-0.185757,-0.025915,-0.159842,-0.326983,0.702976,0.257564,-0.562327,0.028110,-0.564712,0.141336,-3480.819978,0.000041,0.000474,0.000000,-0.185757,-0.025915,-0.159842,-0.326983,0.702976,0.257564,-0.562327,0.028110,-0.564712,0.141337,-197.431207,0.000002,0.000024,0.000000,1.000000,1.000000,0.000000,-1.000000,-1.000000,-1.000000,-1.000000,-1.000000,-1.000000,-1.000000,-3480.798243,0.004810,0.036620,0.000000,-0.186335,-0.028118,-0.158217,-0.370066,0.666455,0.217411,-0.543590,0.023861,-0.564616,0.138439,-3480.797428,0.004834,0.038632,0.000000,-0.187152,-0.026434,-0.160718,-0.361766,0.691952,0.231480,-0.550472,0.027321,-0.559183,0.134924,-3480.798032,0.004811,0.036706,0.000000,-0.186173,-0.027880,-0.158293,-0.370726,0.667661,0.217545,-0.543763,0.024780,-0.565023,0.136680,-197.431184,0.000375,2.033221,-6.6925,-8.7257,-0.456275,0.127057,0.108837,-0.419625,0.076749,-0.072918,-0.016383,-197.427750,0.000585,2.006088,-6.6932,-8.6993,-0.437306,0.131536,0.110595,-0.419619,0.080224,-0.075997,-0.016031,-197.431225,0.016530,2.033234,-6.6925,-8.7257,-0.456275,0.127062,0.108837,-0.419630,0.076748,-0.072911,-0.016380,-197.427750,0.022383,2.006098,-6.6932,-8.6993,-0.437307,0.131541,0.110594,-0.419620,0.080223,-0.075991,-0.016029
Xu24-7a-2a-major,-3633.074294,0.000002,0.000016,0.000000,-0.187455,-0.025076,-0.162379,-0.251851,0.620964,0.239535,-0.567246,0.024413,-0.558395,0.133879,-3633.074294,0.000092,0.001277,0.000000,-0.187455,-0.025076,-0.162379,-0.251851,0.620965,0.239535,-0.567245,0.024412,-0.558396,0.133879,-205.982252,0.000005,0.000056,0.000000,6.000000,1.000000,5.000000,-1.000000,-1.000000,-1.000000,-1.000000,-1.000000,-1.000000,-1.000000,-3633.051064,0.004999,0.046743,0.000000,-0.183980,-0.026296,-0.157684,-0.363195,0.619678,0.233309,-0.552226,0.018654,-0.547725,0.140384,-1.000000,0.004952,0.047967,0.000000,-0.187909,-0.031574,-0.156335,-0.328232,0.623864,0.259415,-0.560447,0.014342,-0.556386,0.120175,-3633.051359,0.005000,0.047255,0.000000,-0.183660,-0.026330,-0.157329,-0.365015,0.618587,0.235534,-0.552055,0.019153,-0.548457,0.139127,-205.982240,0.000631,2.110417,-6.5998,-8.7102,-0.477153,0.118070,0.114858,-0.417295,0.073729,-0.073582,-0.015721,-205.974007,0.000513,2.149959,-6.6830,-8.8330,-0.461050,0.132847,0.115989,-0.424813,0.069258,-0.073309,-0.015709,-205.982277,0.015768,2.110362,-6.5998,-8.7102,-0.477167,0.118064,0.114860,-0.417293,0.073739,-0.073587,-0.015725,-205.974007,0.021851,2.149938,-6.6830,-8.8330,-0.461055,0.132847,0.115989,-0.424812,0.069269,-0.073317,-0.015711
Xu24-7a-2a-minor,-3633.074645,0.000002,0.000020,0.000000,-0.185667,-0.026931,-0.158735,-0.328302,0.708174,0.258813,-0.562168,0.028416,-0.564541,0.141035,-3633.074645,0.000050,0.000558,0.000000,-0.185667,-0.026931,-0.158735,-0.328303,0.708174,0.258813,-0.562168,0.028416,-0.564541,0.141035,-205.977581,0.000002,0.000026,0.000000,6.000000,1.000000,5.000000,-1.000000,-1.000000,-1.000000,-1.000000,-1.000000,-1.000000,-1.000000,-3633.052544,0.004673,0.036728,0.000000,-0.186319,-0.028104,-0.158215,-0.371098,0.672130,0.218950,-0.543627,0.023893,-0.564552,0.137888,-3633.051852,0.004701,0.038922,0.000000,-0.187280,-0.026116,-0.161163,-0.362492,0.697418,0.233228,-0.550735,0.027515,-0.557705,0.133591,-3633.052449,0.004674,0.036584,0.000000,-0.186264,-0.027898,-0.158365,-0.371999,0.673707,0.219239,-0.543903,0.024602,-0.564775,0.136352,-205.977570,0.000625,2.012776,-6.7187,-8.7315,-0.455231,0.125019,0.108884,-0.419591,0.076872,-0.072772,-0.016222,-205.973647,0.000685,1.973449,-6.7213,-8.6947,-0.434308,0.130114,0.111128,-0.419095,0.080342,-0.076339,-0.015779,-205.977611,0.016528,2.012783,-6.7187,-8.7315,-0.455229,0.125023,0.108884,-0.419594,0.076873,-0.072766,-0.016220,-205.973647,0.022630,1.973356,-6.7213,-8.6947,-0.434308,0.130119,0.111129,-0.419094,0.080358,-0.076352,-0.015787
Xu25-7a-2a-major,-3397.462597,0.000003,0.000025,0.000000,-0.189653,-0.027151,-0.162503,-0.219658,0.615360,0.231313,-0.576589,0.027716,-0.560714,0.190960,-3397.462597,0.000170,0.002169,0.000000,-0.189653,-0.027151,-0.162502,-0.219659,0.615360,0.231313,-0.576590,0.027715,-0.560714,0.190960,-186.987907,0.000004,0.000035,0.000000,1.000000,6.000000,-5.000000,-1.000000,-1.000000,-1.000000,-1.000000,-1.000000,-1.000000,-1.000000,-3397.437590,0.005226,0.041026,0.000000,-0.186363,-0.028242,-0.158121,-0.340866,0.623257,0.194014,-0.557325,0.017590,-0.545703,0.189251,-3397.443640,0.005104,0.043950,0.000000,-0.189832,-0.030517,-0.159316,-0.279685,0.615610,0.235824,-0.565585,0.019529,-0.556704,0.189240,-3397.441644,0.005114,0.041280,0.000000,-0.188541,-0.029986,-0.158555,-0.294897,0.620907,0.201574,-0.559323,0.025746,-0.556215,0.189368,-186.985570,0.000486,2.174147,-6.6070,-8.7811,-0.473837,0.116949,0.128113,-0.414027,0.073133,-0.073792,0.024919,-186.982684,0.000523,2.161134,-6.6504,-8.8115,-0.461163,0.125264,0.122506,-0.417892,0.070953,-0.074532,0.024689,-186.985629,0.019857,2.174100,-6.6070,-8.7811,-0.473838,0.116952,0.128113,-0.414029,0.073132,-0.073787,0.024917,-186.982684,0.021939,2.161110,-6.6504,-8.8115,-0.461164,0.125266,0.122505,-0.417893,0.070952,-0.074531,0.024687
Xu25-7a-2a-minor,-3397.458929,0.000002,0.000022,0.000000,-0.186389,-0.027239,-0.159150,-0.324386,0.711434,0.252200,-0.565509,0.030483,-0.566104,0.187193,-3397.458929,0.000074,0.000916,0.000000,-0.186389,-0.027239,-0.159150,-0.324386,0.711434,0.252200,-0.565509,0.030484,-0.566104,0.187193,-186.980570,0.000003,0.000033,0.000000,1.000000,6.000000,-5.000000,-1.000000,-1.000000,-1.000000,-1.000000,-1.000000,-1.000000,-1.000000,-3397.435073,0.004894,0.037899,0.000000,-0.186574,-0.026816,-0.159758,-0.404767,0.711662,0.226574,-0.548879,0.023275,-0.560002,0.184780,-3397.435367,0.004927,0.039294,0.000000,-0.186985,-0.026966,-0.160020,-0.393592,0.699674,0.230713,-0.550604,0.027910,-0.559495,0.185210,-3397.435008,0.004899,0.037895,0.000000,-0.186555,-0.026747,-0.159808,-0.404422,0.712966,0.226032,-0.548631,0.024006,-0.560779,0.184968,-186.980596,0.000385,2.069628,-6.6600,-8.7296,-0.444292,0.127635,0.123895,-0.418209,0.080661,-0.073205,0.023831,-186.978409,0.000713,1.961127,-6.7442,-8.7053,-0.440995,0.133128,0.121802,-0.418699,0.080485,-0.074929,0.024154,-186.980644,0.017766,2.069633,-6.6600,-8.7296,-0.444292,0.127640,0.123895,-0.418212,0.080662,-0.073202,0.023828,-186.978409,0.020003,1.961146,-6.7442,-8.7053,-0.440997,0.133134,0.121801,-0.418701,0.080486,-0.074928,0.024152
Xu26-7a-2a-major,-3012.805685,0.000001,0.000009,0.000000,-0.189347,-0.034533,-0.154814,-0.342455,0.699155,0.253508,-0.557651,0.029405,-0.558100,-0.300691,-3012.805685,0.000209,0.002119,0.000000,-0.189347,-0.034533,-0.154814,-0.342456,0.699155,0.253508,-0.557650,0.029405,-0.558100,-0.300691,-160.907699,0.000001,0.000010,0.000000,1.000000,1.000000,0.000000,-1.000000,-1.000000,-1.000000,-1.000000,-1.000000,-1.000000,-1.000000,-3012.779760,0.005368,0.040421,0.000000,-0.188926,-0.034014,-0.154912,-0.294855,0.599555,0.186204,-0.553314,0.014813,-0.549465,-0.297386,-3012.783870,0.005215,0.041752,0.000000,-0.188988,-0.033729,-0.155259,-0.220026,0.604468,0.221890,-0.560292,0.018928,-0.563559,-0.297372,-3012.779587,0.005360,0.041371,0.000000,-0.187907,-0.034039,-0.153868,-0.294558,0.597258,0.191081,-0.553664,0.015899,-0.549613,-0.297321,-160.907640,0.000271,1.786159,-7.0579,-8.8440,-0.474896,0.086693,0.129562,-0.412080,0.074925,-0.072735,0.041917,-160.902894,0.000602,1.853081,-7.0525,-8.9056,-0.448331,0.096329,0.124085,-0.412918,0.072777,-0.076226,0.042056,-160.907683,0.017122,1.786122,-7.0579,-8.8440,-0.474894,0.086696,0.129561,-0.412082,0.074925,-0.072731,0.041917,-160.902894,0.022273,1.853053,-7.0525,-8.9056,-0.448328,0.096331,0.124085,-0.412919,0.072777,-0.076224,0.042057
Xu26-7a-2a-minor,-3012.801592,0.000002,0.000014,0.000000,-0.187759,-0.036650,-0.151109,-0.230186,0.659249,0.245755,-0.558357,0.034586,-0.578920,-0.301350,-3012.801592,0.000271,0.003151,0.000000,-0.187759,-0.036650,-0.151109,-0.230187,0.659250,0.245755,-0.558357,0.034586,-0.578921,-0.301350,-160.902424,0.000003,0.000016,0.000000,1.000000,1.000000,0.000000,-1.000000,-1.000000,-1.000000,-1.000000,-1.000000,-1.000000,-1.000000,-3012.778316,0.005056,0.035897,0.000000,-0.191576,-0.036651,-0.154925,-0.322232,0.668611,0.211526,-0.550659,0.030879,-0.563035,-0.297514,-3012.778316,0.005004,0.038923,0.000000,-0.189288,-0.034789,-0.154500,-0.337641,0.643996,0.230019,-0.544599,0.027726,-0.558835,-0.297139,-3012.777617,0.005055,0.036405,0.000000,-0.191426,-0.036594,-0.154832,-0.323822,0.665697,0.204306,-0.549550,0.030834,-0.563471,-0.297643,-160.902460,0.000299,1.860615,-7.0765,-8.9371,-0.440776,0.102043,0.133897,-0.407539,0.081320,-0.072127,0.041403,-160.899109,0.000475,1.788841,-7.0888,-8.8776,-0.420338,0.107596,0.114742,-0.411574,0.080886,-0.074522,0.041561,-160.902535,0.022807,1.860559,-7.0765,-8.9371,-0.440775,0.102045,0.133900,-0.407547,0.081324,-0.072120,0.041404,-160.899109,0.019781,1.788791,-7.0888,-8.8776,-0.420337,0.107602,0.114741,-0.411573,0.080889,-0.074523,0.041562
Xu27-7a-2a-major,-3090.103505,0.000002,0.000018,0.000000,-0.188451,-0.037347,-0.151104,-0.216183,0.630323,0.228611,-0.572253,0.022969,-0.565155,0.223712,-3090.103505,0.000183,0.002463,0.000000,-0.188451,-0.037347,-0.151104,-0.216183,0.630323,0.228611,-0.572253,0.022969,-0.565155,0.223712,-166.178630,0.000002,0.000019,0.000000,6.000000,1.000000,5.000000,-1.000000,-1.000000,-1.000000,-1.000000,-1.000000,-1.000000,-1.000000,-3090.078650,0.005371,0.040370,0.000000,-0.189174,-0.035383,-0.153792,-0.306013,0.608217,0.171569,-0.556056,0.014127,-0.546566,0.243355,-3090.083078,0.005198,0.042765,0.000000,-0.188781,-0.035087,-0.153694,-0.229861,0.604096,0.220611,-0.565404,0.018636,-0.564042,0.237362,-3090.078961,0.005318,0.042529,0.000000,-0.187747,-0.035300,-0.152446,-0.301725,0.595983,0.191634,-0.557870,0.014881,-0.548007,0.244919,-166.178434,0.000813,1.760347,-7.0873,-8.8477,-0.473091,0.087286,0.130185,-0.413748,0.074936,-0.072094,0.051590,-166.173926,0.000657,1.835409,-7.0790,-8.9144,-0.446670,0.097211,0.124189,-0.415178,0.072494,-0.074971,0.049895,-166.178478,0.017182,1.760321,-7.0873,-8.8476,-0.473089,0.087289,0.130184,-0.413751,0.074944,-0.072097,0.051593,-166.173926,0.021288,1.835390,-7.0790,-8.9144,-0.446666,0.097214,0.124188,-0.415179,0.072501,-0.074975,0.049898
Xu27-7a-2a-minor,-3090.101865,0.000004,0.000062,0.000000,-0.187426,-0.038168,-0.149257,-0.235501,0.657806,0.245757,-0.557885,0.034614,-0.579738,0.216686,-3090.101865,0.000246,0.002911,0.000000,-0.187426,-0.038168,-0.149257,-0.235502,0.657806,0.245757,-0.557884,0.034614,-0.579738,0.216686,-166.172490,0.000004,0.000034,0.000000,6.000000,1.000000,5.000000,-1.000000,-1.000000,-1.000000,-1.000000,-1.000000,-1.000000,-1.000000,-3090.075586,0.005070,0.035985,0.000000,-0.190852,-0.037124,-0.153728,-0.336311,0.665993,0.209087,-0.549827,0.031183,-0.563645,0.223741,-3090.075884,0.005049,0.040095,0.000000,-0.189781,-0.036465,-0.153316,-0.328881,0.647533,0.225822,-0.550384,0.028464,-0.560740,0.229108,-3090.075612,0.005072,0.035890,0.000000,-0.190856,-0.037042,-0.153814,-0.336631,0.665084,0.206792,-0.549121,0.031697,-0.564683,0.223983,-166.172547,0.000427,1.819113,-7.1175,-8.9366,-0.438445,0.101890,0.135536,-0.407739,0.081173,-0.072089,0.042127,-166.168094,0.000415,1.752915,-7.1296,-8.8825,-0.416779,0.106588,0.121209,-0.412170,0.081112,-0.073583,0.045232,-166.172621,0.022635,1.819067,-7.1175,-8.9366,-0.438444,0.101892,0.135538,-0.407745,0.081185,-0.072091,0.042130,-166.168094,0.021609,1.752876,-7.1296,-8.8825,-0.416777,0.106593,0.121208,-0.412171,0.081120,-0.073589,0.045235
Xu28-7a-2a-major,-3243.600123,0.000001,0.000016,0.000000,-0.188033,-0.035528,-0.152505,-0.233820,0.641098,0.229250,-0.572243,0.028799,-0.565594,0.222010,-3243.600123,0.000157,0.001987,0.000000,-0.188033,-0.035528,-0.152505,-0.233820,0.641098,0.229250,-0.572244,0.028799,-0.565594,0.222010,-175.785376,0.000002,0.000011,0.000000,1.000000,1.000000,0.000000,-1.000000,-1.000000,-1.000000,-1.000000,-1.000000,-1.000000,-1.000000,-3243.571409,0.005157,0.043741,0.000000,-0.189094,-0.035771,-0.153323,-0.308903,0.606209,0.177319,-0.561162,0.014718,-0.545561,0.245922,-3243.574415,0.005013,0.046027,0.000000,-0.189096,-0.035973,-0.153122,-0.236883,0.602886,0.217186,-0.570353,0.020032,-0.564084,0.240905,-3243.571653,0.005141,0.045368,0.000000,-0.187931,-0.035640,-0.152290,-0.302680,0.598299,0.187643,-0.562252,0.016417,-0.547520,0.244606,-175.785276,0.000556,1.748935,-7.1118,-8.8608,-0.470844,0.088042,0.130491,-0.415258,0.075618,-0.071373,0.051824,-175.780545,0.000584,1.822103,-7.1122,-8.9343,-0.447716,0.097620,0.123769,-0.417579,0.073008,-0.074179,0.051907,-175.785317,0.017039,1.748906,-7.1118,-8.8608,-0.470842,0.088046,0.130488,-0.415262,0.075619,-0.071371,0.051827,-175.780545,0.020737,1.822083,-7.1122,-8.9343,-0.447714,0.097624,0.123768,-0.417580,0.073007,-0.074180,0.051910
Xu28-7a-2a-minor,-3243.597680,0.000003,0.000029,0.000000,-0.186401,-0.036495,-0.149906,-0.235971,0.657214,0.248470,-0.557335,0.034028,-0.581030,0.216343,-3243.597680,0.000191,0.002209,0.000000,-0.186401,-0.036495,-0.149906,-0.235970,0.657214,0.248470,-0.557335,0.034028,-0.581030,0.216343,-175.794713,0.000002,0.000013,0.000000,1.000000,1.000000,0.000000,-1.000000,-1.000000,-1.000000,-1.000000,-1.000000,-1.000000,-1.000000,-3243.572500,0.004959,0.048927,0.000000,-0.191254,-0.041585,-0.149669,-0.302333,0.658686,0.241533,-0.554797,0.031736,-0.545709,0.206255,-3243.560289,0.004872,0.040817,0.000000,-0.190641,-0.038246,-0.152395,-0.283040,0.626031,0.206427,-0.558303,0.027650,-0.559957,0.227398,-3243.565523,0.004938,0.035675,0.000000,-0.191928,-0.037683,-0.154244,-0.337891,0.662347,0.220449,-0.549328,0.032514,-0.563763,0.223379,-175.778258,0.000809,1.771305,-7.1700,-8.9413,-0.442195,0.102385,0.134213,-0.407963,0.081203,-0.071394,0.041723,-175.772505,0.000506,1.719997,-7.1577,-8.8777,-0.421315,0.100851,0.130088,-0.413345,0.082617,-0.071866,0.044876,-175.778336,0.022969,1.771257,-7.1701,-8.9413,-0.442191,0.102389,0.134213,-0.407968,0.081205,-0.071386,0.041726,-175.772505,0.027488,1.719949,-7.1577,-8.8777,-0.421313,0.100858,0.130087,-0.413351,0.082621,-0.071859,0.044880
Xu29-7a-2a-major,-3532.797922,0.000003,0.000016,0.000000,-0.189668,-0.037109,-0.152559,-0.177828,0.598478,0.240920,-0.586004,0.027564,-0.561620,-0.105810,-3532.797922,0.000043,0.000494,0.000000,-0.189668,-0.037109,-0.152559,-0.177827,0.598478,0.240920,-0.586004,0.027564,-0.561620,-0.105811,-183.022285,0.000001,0.000016,0.000000,1.000000,1.000000,0.000000,-1.000000,-1.000000,-1.000000,-1.000000,-1.000000,-1.000000,-1.000000,-3532.777061,0.005500,0.047218,0.000000,-0.190357,-0.037410,-0.152946,-0.294629,0.597013,0.203049,-0.570156,0.015752,-0.550916,-0.107545,-3532.781144,0.005367,0.046994,0.000000,-0.191676,-0.037546,-0.154130,-0.253855,0.600035,0.221265,-0.574036,0.020513,-0.558263,-0.107202,-3532.777239,0.005502,0.047401,0.000000,-0.190759,-0.037602,-0.153157,-0.298269,0.597935,0.204303,-0.570368,0.016295,-0.550982,-0.106407,-183.022286,0.000607,1.272298,-7.8510,-9.1233,-0.475492,0.095151,0.137608,-0.427163,0.074804,-0.072763,-0.019606,-183.019023,0.000512,1.321391,-7.8451,-9.1665,-0.457130,0.098873,0.135322,-0.429137,0.073207,-0.074537,-0.019645,-183.022326,0.016503,1.272227,-7.8510,-9.1232,-0.475494,0.095148,0.137610,-0.427165,0.074816,-0.072768,-0.019606,-183.019023,0.020218,1.321323,-7.8452,-9.1665,-0.457133,0.098871,0.135325,-0.429137,0.073219,-0.074543,-0.019644
Xu29-7a-2a-minor,-3532.795565,0.000002,0.000016,0.000000,-0.190290,-0.037033,-0.153256,-0.279405,0.664789,0.259607,-0.560596,0.032623,-0.571246,-0.096545,-3532.795565,0.000292,0.003120,0.000000,-0.190290,-0.037033,-0.153256,-0.279404,0.664788,0.259607,-0.560596,0.032623,-0.571246,-0.096545,-1.000000,0.000004,0.000043,0.000000,1.000000,1.000000,0.000000,-1.000000,-1.000000,-1.000000,-1.000000,-1.000000,-1.000000,-1.000000,-3532.773426,0.005148,0.038376,0.000000,-0.191121,-0.037301,-0.153820,-0.335536,0.627959,0.217206,-0.543046,0.026219,-0.564381,-0.097891,-3532.774372,0.005185,0.039489,0.000000,-0.191058,-0.036368,-0.154691,-0.345456,0.640405,0.220754,-0.542747,0.026553,-0.560164,-0.097182,-3532.773920,0.005199,0.039239,0.000000,-0.191107,-0.036192,-0.154915,-0.337275,0.632601,0.216152,-0.543376,0.027303,-0.564692,-0.097451,-183.015431,0.000567,1.361734,-7.7692,-9.1309,-0.432716,0.108525,0.125859,-0.412751,0.080354,-0.074442,-0.020625,-183.015200,0.000659,1.344689,-7.7861,-9.1308,-0.429154,0.108663,0.125221,-0.412105,0.080729,-0.075044,-0.020412,-183.015479,0.018038,1.361737,-7.7692,-9.1309,-0.432723,0.108531,0.125860,-0.412754,0.080353,-0.074437,-0.020626,-183.015200,0.018377,1.344692,-7.7861,-9.1308,-0.429162,0.108669,0.125223,-0.412108,0.080727,-0.075035,-0.020414
Xu30-7a-2a-major,-3402.269682,0.000001,0.000009,0.000000,-0.186180,-0.025229,-0.160950,-0.243355,0.634781,0.240554,-0.565553,0.022929,-0.563201,0.136083,-3402.269682,0.000100,0.001222,0.000000,-0.186180,-0.025229,-0.160950,-0.243358,0.634782,0.240554,-0.565552,0.022928,-0.563200,0.136083,-191.097364,0.000002,0.000018,0.000000,1.000000,6.000000,-5.000000,-1.000000,-1.000000,-1.000000,-1.000000,-1.000000,-1.000000,-1.000000,-3402.246157,0.005152,0.041964,0.000000,-0.186225,-0.025415,-0.160810,-0.348794,0.626595,0.234010,-0.548068,0.017965,-0.551945,0.137244,-3402.248006,0.005089,0.047052,0.000000,-0.187198,-0.030886,-0.156312,-0.321769,0.624374,0.255749,-0.556434,0.013737,-0.558267,0.119136,-3402.246849,0.005145,0.043250,0.000000,-0.185792,-0.025572,-0.160220,-0.349666,0.627872,0.230834,-0.548898,0.018198,-0.550839,0.136940,-191.097208,0.000350,2.117196,-6.5840,-8.7012,-0.471025,0.110965,0.115939,-0.414145,0.075312,-0.073849,-0.015939,-191.088500,0.000623,2.148612,-6.6803,-8.8289,-0.460080,0.125925,0.112858,-0.424578,0.068992,-0.073148,-0.015521,-191.097242,0.015036,2.117168,-6.5840,-8.7012,-0.471025,0.110968,0.115938,-0.414148,0.075310,-0.073845,-0.015936,-191.088500,0.020006,2.148589,-6.6803,-8.8289,-0.460086,0.125923,0.112859,-0.424578,0.069004,-0.073155,-0.015531
Xu30-7a-2a-minor,-3402.273051,0.000002,0.000021,0.000000,-0.186446,-0.026826,-0.159620,-0.319572,0.703117,0.258081,-0.561872,0.028065,-0.565584,0.141034,-3402.273051,0.000059,0.000642,0.000000,-0.186446,-0.026826,-0.159620,-0.319573,0.703116,0.258081,-0.561871,0.028065,-0.565584,0.141033,-191.094934,0.000002,0.000012,0.000000,1.000000,6.000000,-5.000000,-1.000000,-1.000000,-1.000000,-1.000000,-1.000000,-1.000000,-1.000000,-3402.251752,0.004779,0.036564,0.000000,-0.186711,-0.028695,-0.158017,-0.368230,0.668020,0.217785,-0.543282,0.023997,-0.565136,0.137961,-3402.251295,0.004795,0.038505,0.000000,-0.187787,-0.027041,-0.160745,-0.364161,0.693747,0.230403,-0.550385,0.026626,-0.560503,0.133341,-3402.251735,0.004783,0.036656,0.000000,-0.186569,-0.028466,-0.158103,-0.367587,0.669117,0.217997,-0.543446,0.024798,-0.565400,0.136727,-191.094930,0.000660,2.014327,-6.7367,-8.7510,-0.452980,0.125205,0.108058,-0.418937,0.076872,-0.073006,-0.016210,-191.091962,0.000753,1.988677,-6.7373,-8.7260,-0.436010,0.129650,0.111112,-0.419293,0.080006,-0.075729,-0.015801,-191.094971,0.016454,2.014336,-6.7367,-8.7510,-0.452980,0.125209,0.108058,-0.418942,0.076869,-0.072997,-0.016207,-191.091962,0.021524,1.988577,-6.7374,-8.7260,-0.436010,0.129656,0.111112,-0.419291,0.080020,-0.075743,-0.015809
